gender,age,height,weight,bust_circumference,waist_circumference,hip_circumference
M,27.0,1.729,74.7,1132.7290941558442,1153.017003246753,1011.7225813492063
M,25.0,1.645,58.6,1141.5674274891776,1157.4515714285712,885.7404047619051
M,28.0,1.786,75.2,1132.7290941558442,1153.017003246753,1015.3483035714285
M,19.0,1.686,60.8,1141.5674274891776,1157.4515714285712,902.6378095238101
M,24.0,1.764,68.3,1141.1686774891778,1157.4515714285712,946.7669392135643
M,19.0,1.755,63.4,1141.5674274891776,1157.4515714285712,912.4392402319905
M,26.0,1.75,77.0,1132.7290941558442,1153.017003246753,1006.8397380952383
M,25.0,1.773,73.2,1141.1874274891777,1157.4515714285712,1020.1150734126984
F,20.0,1.56,50.1,1141.5674274891776,1157.4515714285712,880.8458382034632
M,16.0,1.738,60.0,1140.3474274891776,1156.315821428571,902.278531746032
M,16.0,1.735,75.0,1139.724094155844,1156.315821428571,1032.066890873016
M,16.0,1.736,79.9,1141.8996497114,1156.706321428571,1054.7021572871574
M,16.0,1.69,53.4,1140.3474274891776,1156.315821428571,886.5999285714283
M,16.0,1.724,72.4,1139.9674274891777,1156.315821428571,1017.2409464285713
M,17.0,1.726,54.0,1140.3474274891776,1156.315821428571,887.1911111111109
M,17.0,1.71,55.5,1140.3474274891776,1156.315821428571,882.3369880952383
M,17.0,1.75,52.5,1140.3474274891776,1156.315821428571,890.8879036796535
F,16.0,1.613,49.4,1140.3474274891776,1156.315821428571,881.1166726190473
F,15.0,1.594,46.1,1140.3474274891776,1156.315821428571,864.1515178571431
F,16.0,1.634,80.8,1141.8996497114,1156.108988095238,1057.4449231601734
M,16.0,1.706,55.0,1140.3474274891776,1156.315821428571,890.7712896825395
M,16.0,1.627,48.9,1140.3474274891776,1156.315821428571,876.7690654761901
M,16.0,1.77,86.6,1144.633506854257,1159.4910357142855,1093.39682936508
M,15.0,1.697,58.3,1140.3474274891776,1156.315821428571,890.0517480158735
F,17.0,1.542,51.8,1140.3474274891776,1156.315821428571,885.7508163780661
F,17.0,1.604,59.2,1140.3474274891776,1156.315821428571,897.8804781746035
F,17.0,1.599,55.1,1140.3474274891776,1156.315821428571,890.6110396825395
F,17.0,1.634,55.0,1140.3474274891776,1156.315821428571,890.7712896825395
F,17.0,1.605,63.3,1140.3474274891776,1156.315821428571,915.612643009768
F,17.0,1.575,51.0,1140.3474274891776,1156.315821428571,885.38644534632
F,17.0,1.583,47.7,1140.3474274891776,1156.315821428571,872.3957619047618
F,17.0,1.518,49.4,1140.3474274891776,1156.315821428571,881.1166726190473
F,17.0,1.621,59.2,1140.3474274891776,1156.315821428571,897.8804781746035
F,16.0,1.607,61.2,1140.3474274891776,1156.315821428571,908.8142471139972
F,16.0,1.561,57.9,1140.3474274891776,1156.315821428571,890.6269444444448
F,16.0,1.561,52.5,1140.3474274891776,1156.315821428571,890.8879036796535
M,17.0,1.801,80.4,1141.8996497114,1156.108988095238,1057.1244906204909
M,17.0,1.76,62.6,1140.3474274891776,1156.315821428571,913.3884781746034
M,16.0,1.75,64.8,1139.9486774891777,1156.315821428571,919.420367063492
M,17.0,1.678,66.0,1139.9486774891777,1156.315821428571,928.0254080086578
M,17.0,1.739,67.0,1139.9486774891777,1156.315821428571,946.418625
M,17.0,1.61,46.8,1140.3474274891776,1156.315821428571,867.5789642857143
M,17.0,1.851,101.7,1154.043102092352,1163.0855357142855,1179.443346861472
M,17.0,1.685,53.0,1140.3474274891776,1156.315821428571,887.6039989177485
M,17.0,1.715,63.4,1140.3474274891776,1156.315821428571,916.2745418192919
M,16.0,1.865,67.3,1139.9486774891777,1156.315821428571,947.772761904762
M,16.0,1.607,42.6,1140.3474274891776,1156.315821428571,858.3466607142859
F,46.0,1.525,53.4,1134.4796179653679,1153.9949437229434,866.8696805555546
F,55.0,1.576,58.8,1134.4796179653679,1153.9949437229434,875.3281091269841
F,43.0,1.552,48.3,1134.4796179653679,1153.9949437229434,846.2158273809521
F,51.0,1.455,63.0,1134.4796179653679,1153.9949437229434,905.9245344516588
F,40.0,1.565,73.8,1133.744617965368,1153.9949437229434,987.7080873015874
F,58.0,1.436,51.2,1134.4796179653679,1153.9949437229434,849.4278005050503
F,22.0,1.579,64.9,1141.1686774891778,1157.4515714285712,916.6468988095238
F,51.0,1.607,57.3,1134.4796179653679,1153.9949437229434,869.3512162698414
F,36.0,1.664,54.6,1132.7490941558442,1153.017003246753,888.6970099206347
F,47.0,1.58,52.2,1134.4796179653679,1153.9949437229434,864.2540544733039
F,45.0,1.594,60.5,1134.4796179653679,1153.9949437229434,896.9016527777778
F,47.0,1.57,48.4,1134.4796179653679,1153.9949437229434,845.4177440476187
F,58.0,1.488,55.8,1134.4796179653679,1153.9949437229434,862.8412738095237
F,44.0,1.604,61.0,1134.4796179653679,1153.9949437229434,896.6502361111111
F,61.0,1.567,55.9,1134.4796179653679,1153.9949437229434,861.4359642857142
F,20.0,1.593,70.1,1141.1686774891778,1157.4515714285712,1000.9019628427127
F,16.0,1.578,55.5,1140.3474274891776,1156.315821428571,882.3369880952383
F,46.0,1.544,62.2,1134.4796179653679,1153.9949437229434,894.7877447691196
F,36.0,1.63,53.5,1132.7490941558442,1153.017003246753,886.0618302669551
F,59.0,1.634,58.4,1134.4796179653679,1153.9949437229434,874.2143075396826
F,24.0,1.596,54.7,1141.5674274891776,1157.4515714285712,888.6861587301585
F,46.0,1.514,57.0,1134.4796179653679,1153.9949437229434,869.2499107142858
F,33.0,1.668,64.1,1132.3503441558441,1153.017003246753,910.8404642857146
F,36.0,1.58,46.6,1132.7490941558442,1153.017003246753,859.1559365079364
F,49.0,1.562,52.7,1134.4796179653679,1153.9949437229434,865.452399711399
F,61.0,1.519,43.9,1134.4796179653679,1153.9949437229434,842.7604464285716
F,41.0,1.601,59.8,1134.4796179653679,1153.9949437229434,876.386888888889
F,59.0,1.478,45.6,1134.4796179653679,1153.9949437229434,843.0273630952382
F,50.0,1.548,53.5,1134.4796179653679,1153.9949437229434,867.4944702380942
F,44.0,1.589,53.7,1134.4796179653679,1153.9949437229434,867.8763749999989
F,48.0,1.509,52.0,1134.4796179653679,1153.9949437229434,855.5854949494944
F,43.0,1.655,59.6,1134.4796179653679,1153.9949437229434,877.3969722222223
F,37.0,1.594,60.4,1134.4796179653679,1153.9949437229434,894.1355396825397
F,50.0,1.502,62.1,1134.4796179653679,1153.9949437229434,893.8152606421355
F,47.0,1.604,62.0,1134.4796179653679,1153.9949437229434,894.4915999278501
F,51.0,1.64,55.0,1134.4796179653679,1153.9949437229434,874.1182519841262
F,47.0,1.522,64.7,1134.080867965368,1153.9949437229434,908.2043690476191
F,59.0,1.51,60.5,1134.4796179653679,1153.9949437229434,896.9016527777778
F,63.0,1.437,47.7,1134.4796179653679,1158.5341937229432,843.7815912698411
F,18.0,1.56,69.8,1139.9486774891777,1156.315821428571,1000.1790640331888
F,56.0,1.534,58.1,1134.4796179653679,1153.9949437229434,870.549224206349
F,54.0,1.55,61.9,1134.4796179653679,1153.9949437229434,894.87284992785
F,43.0,1.51,57.8,1134.4796179653679,1153.9949437229434,870.9067837301586
F,35.0,1.574,56.3,1132.7490941558442,1153.017003246753,865.0081507936509
M,16.0,1.799,99.8,1154.043102092352,1164.2095357142855,1174.9627337662341
M,19.0,1.721,74.9,1140.5374274891776,1157.4515714285712,1031.01041468254
M,55.0,1.619,67.4,1134.080867965368,1153.9949437229434,936.5968591269844
M,33.0,1.642,63.4,1132.7490941558442,1153.017003246753,886.6223293650795
M,48.0,1.667,67.5,1134.080867965368,1153.9949437229434,935.1446626984128
M,16.0,1.76,60.6,1140.3474274891776,1156.315821428571,906.8468542568544
M,16.0,1.745,60.6,1140.3474274891776,1156.315821428571,906.8468542568544
M,18.0,1.75,58.3,1140.3474274891776,1156.315821428571,890.0517480158735
M,18.0,1.87,65.2,1139.9486774891777,1156.315821428571,921.746704365079
M,43.0,1.676,71.6,1134.339617965368,1153.9949437229434,979.4112851731603
M,36.0,1.655,72.2,1132.3690941558443,1153.017003246753,1008.3808988095236
M,51.0,1.636,83.4,1136.6098401875904,1155.3591580086577,1051.687234126984
M,68.0,1.702,73.2,1134.069617965368,1158.5341937229432,984.4315496031746
M,16.0,1.635,48.3,1140.3474274891776,1156.315821428571,877.2563035714285
M,16.0,1.806,69.0,1139.9486774891777,1156.315821428571,973.9153340548341
M,19.0,1.883,65.8,1141.1686774891778,1157.4515714285712,920.8022718253966
M,26.0,1.641,64.9,1132.3503441558441,1153.017003246753,913.5536686507937
F,54.0,1.604,60.7,1134.4796179653679,1153.9949437229434,896.026152777778
F,47.0,1.514,52.9,1134.4796179653679,1153.9949437229434,864.9267449494943
F,47.0,1.585,72.1,1134.339617965368,1153.9949437229434,980.7362196969697
F,54.0,1.58,54.8,1134.4796179653679,1153.9949437229434,871.3016686507929
F,18.0,1.71,64.3,1139.9486774891777,1156.315821428571,917.2584265873018
F,18.0,1.587,47.7,1140.3474274891776,1156.315821428571,872.3957619047618
F,47.0,1.479,48.6,1134.4796179653679,1153.9949437229434,844.1734107142853
F,50.0,1.628,61.7,1134.4796179653679,1153.9949437229434,894.5020165945166
F,51.0,1.541,56.8,1134.4796179653679,1153.9949437229434,867.9118273809526
F,43.0,1.553,53.6,1134.4796179653679,1153.9949437229434,867.8763749999989
F,54.0,1.58,56.2,1134.4796179653679,1153.9949437229434,860.6148035714286
F,62.0,1.499,48.0,1134.4796179653679,1153.9949437229434,846.5913392857141
F,42.0,1.55,39.5,1134.4796179653679,1153.9949437229434,841.2564047619048
F,67.0,1.527,56.1,1134.4796179653679,1158.5341937229432,862.9610873015872
F,66.0,1.565,66.3,1133.9962846320348,1158.5341937229432,910.907146825397
F,53.0,1.592,64.3,1134.080867965368,1153.9949437229434,904.4319206349209
F,46.0,1.591,51.8,1134.4796179653679,1153.9949437229434,854.4541735209231
F,51.0,1.684,72.0,1134.339617965368,1153.9949437229434,980.312047077922
F,45.0,1.46,52.2,1134.4796179653679,1153.9949437229434,864.2540544733039
F,43.0,1.589,76.6,1134.459617965368,1153.9949437229434,1002.9991130952384
F,69.0,1.492,48.0,1134.4796179653679,1158.5341937229432,845.4811567460314
F,66.0,1.586,64.6,1133.9962846320348,1158.5341937229432,909.9700853174604
F,61.0,1.594,59.2,1134.4796179653679,1153.9949437229434,878.5190555555557
F,32.0,1.669,54.5,1132.7490941558442,1153.017003246753,887.2224265873015
F,33.0,1.608,56.3,1132.7490941558442,1153.017003246753,865.0081507936509
F,30.0,1.63,47.0,1132.7490941558442,1153.017003246753,859.1849365079365
F,51.0,1.66,74.6,1133.744617965368,1153.9949437229434,1001.0641249999998
F,62.0,1.518,59.4,1134.4796179653679,1153.9949437229434,877.6815555555556
F,34.0,1.536,53.7,1132.7490941558442,1153.017003246753,885.4369136002886
F,27.0,1.544,42.7,1132.7490941558442,1153.017003246753,851.5677400793654
F,57.0,1.654,54.6,1134.4796179653679,1153.9949437229434,868.5431448412688
F,41.0,1.559,51.8,1134.4796179653679,1153.9949437229434,854.4541735209231
F,59.0,1.594,59.1,1134.4796179653679,1153.9949437229434,877.8484305555556
F,61.0,1.51,67.0,1134.080867965368,1153.9949437229434,929.5486865079368
F,61.0,1.531,70.1,1134.080867965368,1153.9949437229434,970.9616596320345
F,22.0,1.621,53.2,1141.5674274891776,1157.4515714285712,884.5824761904759
F,47.0,1.565,65.5,1134.080867965368,1153.9949437229434,914.8087202380952
F,60.0,1.57,67.3,1134.080867965368,1153.9949437229434,936.4759543650798
F,51.0,1.53,49.7,1134.4796179653679,1153.9949437229434,843.3664404761902
F,54.0,1.495,50.4,1134.4796179653679,1153.9949437229434,844.3591695526692
F,46.0,1.569,49.1,1134.4796179653679,1153.9949437229434,844.103577380952
F,34.0,1.63,47.4,1132.7490941558442,1153.017003246753,863.2752936507937
F,40.0,1.601,52.7,1134.4796179653679,1153.9949437229434,865.452399711399
F,40.0,1.554,52.0,1134.4796179653679,1153.9949437229434,855.5854949494944
F,36.0,1.632,52.2,1132.7490941558442,1153.017003246753,891.2916347402595
F,65.0,1.61,69.4,1133.9962846320348,1158.5341937229432,972.1904731240982
F,45.0,1.635,60.8,1134.4796179653679,1153.9949437229434,896.3104384920636
F,29.0,1.501,63.9,1132.7490941558442,1153.017003246753,911.3263253968257
F,20.0,1.605,56.0,1141.5674274891776,1157.4515714285712,874.2633908730161
F,68.0,1.443,48.2,1134.4796179653679,1158.5341937229432,845.965323412698
F,21.0,1.614,50.1,1141.5674274891776,1157.4515714285712,880.8458382034632
F,59.0,1.604,80.5,1137.5571735209237,1154.32661038961,1041.6173313492066
F,59.0,1.497,54.0,1134.4796179653679,1153.9949437229434,867.099874999999
F,55.0,1.483,60.1,1134.4796179653679,1153.9949437229434,872.1168154761907
M,44.0,1.745,104.9,1156.3906814574314,1154.6028127705624,1186.3045629509384
M,56.0,1.58,56.6,1134.4796179653679,1153.9949437229434,864.5392083333334
M,23.0,1.86,88.0,1159.2508163780665,1161.8959246031743,1090.5015297619052
M,45.0,1.646,57.3,1134.4796179653679,1153.9949437229434,869.3512162698414
M,53.0,1.69,70.5,1134.339617965368,1153.9949437229434,974.9022083333336
M,34.0,1.675,76.7,1132.7290941558442,1153.017003246753,1005.1479642857146
M,61.0,1.674,56.4,1134.4796179653679,1153.9949437229434,861.4595178571429
M,22.0,1.698,56.1,1141.5674274891776,1157.4515714285712,874.0568908730161
M,20.0,1.821,88.8,1161.8633163780664,1162.1091190476188,1094.448166666667
M,35.0,1.714,67.5,1132.3503441558441,1153.017003246753,943.0937460317459
M,25.0,1.723,74.3,1140.8324274891777,1157.4515714285712,1030.3232480158733
M,23.0,1.755,73.8,1140.8324274891777,1157.4515714285712,1023.4276626984129
M,22.0,1.679,56.8,1141.5674274891776,1157.4515714285712,879.2733551587304
M,67.0,1.688,75.0,1134.459617965368,1158.5341937229432,998.4497123015873
M,22.0,1.805,69.7,1141.1686774891778,1157.4515714285712,1001.3342187950936
M,64.0,1.695,77.8,1134.459617965368,1158.5341937229432,996.7367599206356
M,20.0,1.809,71.9,1141.1874274891777,1157.4515714285712,1015.668601190476
M,17.0,1.789,82.5,1141.4629830447332,1157.6057023809524,1077.2055703463209
M,66.0,1.637,53.0,1134.4796179653679,1158.5341937229432,865.2356100288592
M,17.0,1.825,84.5,1142.6556497114,1158.5347023809522,1087.0386735209242
M,69.0,1.681,65.7,1133.9962846320348,1158.5341937229432,913.4182579365082
M,43.0,1.776,75.2,1134.459617965368,1153.9949437229434,1006.1725674603174
M,23.0,1.823,58.5,1141.5674274891776,1157.4515714285712,885.7404047619051
M,32.0,1.684,94.5,1150.9706259018758,1160.9580925324672,1098.8197261904763
M,34.0,1.716,70.6,1132.3690941558443,1153.017003246753,993.5882083333338
M,23.0,1.733,70.2,1141.0474274891776,1157.4515714285712,999.2256017316015
F,44.0,1.617,57.9,1134.4796179653679,1153.9949437229434,870.7430337301587
F,48.0,1.604,70.5,1134.339617965368,1153.9949437229434,974.9022083333336
F,64.0,1.564,65.5,1133.9962846320348,1158.5341937229432,916.2589841269843
F,65.0,1.537,57.3,1134.4796179653679,1158.5341937229432,872.106505952381
F,68.0,1.585,67.4,1133.9962846320348,1158.5341937229432,937.1456190476194
F,45.0,1.546,47.8,1134.4796179653679,1153.9949437229434,846.7298809523807
F,16.0,1.64,56.1,1140.3474274891776,1156.315821428571,883.5203253968257
F,17.0,1.595,78.6,1139.724094155844,1156.315821428571,1048.3761116522371
F,42.0,1.595,51.4,1134.4796179653679,1153.9949437229434,849.7980366161611
F,63.0,1.493,57.6,1134.4796179653679,1158.5341937229432,873.3614226190476
F,42.0,1.603,62.0,1134.4796179653679,1153.9949437229434,894.4915999278501
F,16.0,1.594,45.2,1140.3474274891776,1156.315821428571,858.7393273809528
F,18.0,1.693,65.1,1139.9486774891777,1156.315821428571,921.6949900793647
F,19.0,1.594,61.4,1141.5674274891776,1157.4515714285712,906.146043650794
F,48.0,1.68,58.2,1134.4796179653679,1153.9949437229434,870.966724206349
F,17.0,1.621,72.0,1139.9674274891777,1156.315821428571,1017.8867896825395
F,45.0,1.58,62.5,1134.4796179653679,1153.9949437229434,898.702062229437
F,27.0,1.525,57.5,1132.7490941558442,1153.017003246753,874.0299980158733
F,18.0,1.504,54.8,1140.3474274891776,1156.315821428571,890.2532896825395
F,20.0,1.714,86.9,1146.775506854257,1160.7569246031744,1092.827432539683
F,34.0,1.61,60.6,1132.7490941558442,1153.017003246753,898.0995555555559
F,18.0,1.625,49.1,1140.3474274891776,1156.315821428571,876.3610654761902
F,18.0,1.56,53.3,1140.3474274891776,1156.315821428571,887.0437619047616
F,53.0,1.553,44.6,1134.4796179653679,1153.9949437229434,842.4454464285716
F,17.0,1.641,51.8,1140.3474274891776,1156.315821428571,885.7508163780661
F,32.0,1.61,63.2,1132.7490941558442,1153.017003246753,902.2495800865803
F,31.0,1.6,53.4,1132.7490941558442,1153.017003246753,885.9742191558439
F,48.0,1.56,64.4,1134.080867965368,1153.9949437229434,903.1166190476193
F,35.0,1.575,55.0,1132.7490941558442,1153.017003246753,889.6853432539682
F,20.0,1.58,49.6,1141.5674274891776,1157.4515714285712,879.5364464285714
F,18.0,1.541,55.6,1140.3474274891776,1156.315821428571,881.964904761905
F,18.0,1.75,71.0,1139.9674274891777,1156.315821428571,1003.6225759379507
M,17.0,1.722,71.4,1139.9674274891777,1156.315821428571,1014.8435972222223
M,45.0,1.645,65.0,1134.080867965368,1153.9949437229434,910.9741190476191
M,34.0,1.724,79.0,1133.0779830447332,1154.1832532467529,1027.8350238095236
M,18.0,1.649,53.7,1140.3474274891776,1156.315821428571,886.0730396825394
M,16.0,1.736,59.1,1140.3474274891776,1156.315821428571,896.854811507937
M,18.0,1.675,81.1,1141.8996497114,1156.108988095238,1056.678571969697
M,26.0,1.739,76.4,1132.7290941558442,1153.017003246753,1006.9526567460318
M,24.0,1.753,78.9,1140.8863163780666,1157.4515714285712,1045.6855878427132
M,45.0,1.678,89.1,1156.4888401875903,1157.0981580086577,1085.2389496337
M,24.0,1.75,65.9,1141.1686774891778,1157.4515714285712,924.7010607864357
M,18.0,1.643,82.4,1141.4629830447332,1157.6057023809524,1077.261820346321
M,18.0,1.717,60.2,1140.3474274891776,1156.315821428571,903.3343412698415
M,47.0,1.658,65.1,1134.080867965368,1153.9949437229434,914.601521825397
M,39.0,1.665,69.1,1134.080867965368,1153.9949437229434,949.9196230158726
M,44.0,1.671,82.8,1137.436506854257,1155.1583246753244,1050.3957162698412
M,44.0,1.75,61.7,1134.4796179653679,1153.9949437229434,894.5020165945166
M,26.0,1.677,114.6,1171.4367261904758,1161.4224794372292,1213.6515351731607
M,47.0,1.655,78.4,1134.459617965368,1153.9949437229434,1015.4995575396829
M,63.0,1.682,61.9,1134.4796179653679,1158.5341937229432,896.0216257215008
M,18.0,1.715,62.6,1140.3474274891776,1156.315821428571,913.3884781746034
M,19.0,1.781,91.8,1149.0093044733046,1162.7027023809521,1097.3650714285716
M,18.0,1.718,52.8,1140.3474274891776,1156.315821428571,889.1485465367962
F,18.0,1.544,50.9,1140.3474274891776,1156.315821428571,885.3247635281382
F,17.0,1.604,47.5,1140.3474274891776,1156.315821428571,872.8138452380953
F,32.0,1.653,57.2,1132.7490941558442,1153.017003246753,872.9342043650795
F,17.0,1.66,68.6,1139.9486774891777,1156.315821428571,954.6499292929292
F,24.0,1.632,53.7,1141.5674274891776,1157.4515714285712,885.3544563492063
F,41.0,1.544,57.0,1134.4796179653679,1153.9949437229434,869.2499107142858
F,27.0,1.667,51.9,1132.7490941558442,1153.017003246753,882.7293688672436
F,18.0,1.556,53.5,1140.3474274891776,1156.315821428571,886.7295396825394
F,18.0,1.593,64.4,1139.9486774891777,1156.315821428571,917.7291726190477
F,25.0,1.637,55.4,1141.5674274891776,1157.4515714285712,875.0297678571428
F,20.0,1.545,40.9,1141.5674274891776,1157.4515714285712,853.3644404761907
F,16.0,1.681,77.4,1139.724094155844,1156.315821428571,1035.4587335858587
F,17.0,1.609,51.2,1140.3474274891776,1156.315821428571,885.2172370129866
F,20.0,1.633,55.3,1141.5674274891776,1157.4515714285712,886.5808531746028
F,18.0,1.575,50.6,1140.3474274891776,1156.315821428571,886.2635968614716
F,20.0,1.704,59.5,1141.5674274891776,1157.4515714285712,892.4287103174605
M,16.0,1.722,100.8,1154.043102092352,1162.8792857142855,1176.3613170995675
M,26.0,1.744,71.3,1132.3690941558443,1153.017003246753,1006.5187976190477
M,16.0,1.786,97.8,1154.127102092352,1163.8111428571426,1136.0984987373743
M,17.0,1.745,68.8,1139.9486774891777,1156.315821428571,967.2521574675325
M,18.0,1.695,76.2,1139.724094155844,1156.315821428571,1032.7066102092351
M,18.0,1.686,67.9,1139.9486774891777,1156.315821428571,947.3024186507937
M,26.0,1.672,65.3,1132.3503441558441,1153.017003246753,922.6043253968252
M,17.0,1.679,68.1,1139.9486774891777,1156.315821428571,954.2771515151514
M,42.0,1.715,68.4,1134.080867965368,1153.9949437229434,935.2137222222221
M,32.0,1.82,79.3,1133.9766497114,1154.1832532467529,1027.5433749999997
M,19.0,1.84,81.9,1143.6349830447332,1158.008488095238,1064.4740317460319
M,25.0,1.728,64.9,1141.1686774891778,1157.4515714285712,916.6468988095238
M,16.0,1.729,60.1,1140.3474274891776,1156.315821428571,902.2541269841272
M,16.0,1.713,52.1,1140.3474274891776,1156.315821428571,887.6126774891771
F,20.0,1.654,62.6,1141.5674274891776,1157.4515714285712,913.4101765873019
F,25.0,1.645,48.4,1141.5674274891776,1157.4515714285712,872.621375
F,16.0,1.641,54.9,1140.3474274891776,1156.315821428571,890.5345396825395
F,24.0,1.545,42.2,1141.5674274891776,1157.4515714285712,853.7367321428575
F,27.0,1.595,63.0,1132.7490941558442,1153.017003246753,906.9292467532472
F,57.0,1.561,62.8,1134.4796179653679,1153.9949437229434,904.4778320707067
F,20.0,1.595,46.4,1141.5674274891776,1157.4515714285712,862.0290595238095
F,22.0,1.583,53.8,1141.5674274891776,1157.4515714285712,885.6097896825396
M,25.0,1.825,91.9,1149.0093044733046,1162.266869047619,1097.3650714285716
M,26.0,1.735,77.8,1132.7290941558442,1153.017003246753,1007.2490158730162
M,32.0,1.755,75.7,1132.7290941558442,1153.017003246753,1014.1509186507934
M,19.0,1.817,71.3,1141.1874274891777,1157.4515714285712,1014.8001686507935
M,35.0,1.83,84.5,1135.9793163780664,1155.8029675324674,1061.6909107142862
M,57.0,1.619,65.0,1134.080867965368,1153.9949437229434,910.9741190476191
M,31.0,1.766,81.7,1135.8266497113998,1153.5239199134196,1040.2438769841272
M,42.0,1.75,87.0,1139.8610306637806,1155.7272135642131,1076.6700634920642
M,19.0,1.791,67.3,1141.1686774891778,1157.4515714285712,944.5690059523813
M,19.0,1.75,67.7,1141.1686774891778,1157.4515714285712,943.4226765873018
F,53.0,1.54,47.4,1134.4796179653679,1153.9949437229434,847.4221904761906
F,59.0,1.536,54.4,1134.4796179653679,1153.9949437229434,867.5794642857134
F,16.0,1.665,50.1,1140.3474274891776,1156.315821428571,884.0311596320346
F,23.0,1.644,61.8,1141.5674274891776,1157.4515714285712,905.9218174603179
F,24.0,1.64,56.5,1141.5674274891776,1157.4515714285712,874.7672420634922
F,19.0,1.645,66.5,1141.1686774891778,1157.4515714285712,931.9989218975471
F,20.0,1.664,52.8,1141.5674274891776,1157.4515714285712,888.1835465367963
F,20.0,1.644,61.2,1141.5674274891776,1157.4515714285712,907.0728472222227
F,22.0,1.69,57.2,1141.5674274891776,1157.4515714285712,881.1672123015876
F,26.0,1.65,52.1,1132.7490941558442,1153.017003246753,886.7886228354976
F,16.0,1.648,43.3,1140.3474274891776,1156.315821428571,857.653660714286
F,24.0,1.6,45.9,1141.5674274891776,1157.4515714285712,857.6640714285717
F,20.0,1.585,46.1,1141.5674274891776,1157.4515714285712,859.5268511904765
F,32.0,1.55,46.1,1132.7490941558442,1153.017003246753,856.5906091269843
F,32.0,1.568,50.6,1132.7490941558442,1153.017003246753,880.0899143217893
F,21.0,1.675,64.8,1141.1686774891778,1157.4515714285712,916.7039702380954
F,44.0,1.62,52.8,1134.4796179653679,1153.9949437229434,865.2973997113991
F,56.0,1.56,57.9,1134.4796179653679,1153.9949437229434,870.7430337301587
F,50.0,1.649,73.6,1134.339617965368,1153.9949437229434,986.6923253968256
F,52.0,1.587,55.8,1134.4796179653679,1153.9949437229434,862.8412738095237
M,35.0,1.76,76.9,1132.7290941558442,1153.017003246753,1005.7060476190477
M,25.0,1.784,77.6,1140.5374274891776,1157.4515714285712,1033.9619002525253
M,33.0,1.725,68.5,1132.3503441558441,1153.017003246753,949.713869047619
M,28.0,1.793,73.6,1132.3690941558443,1153.017003246753,1012.3160753968256
M,17.0,1.668,50.1,1140.3474274891776,1156.315821428571,884.0311596320346
M,39.0,1.675,63.3,1134.4796179653679,1153.9949437229434,900.6411257215
F,46.0,1.514,45.0,1134.4796179653679,1153.9949437229434,843.2436130952383
F,37.0,1.595,73.3,1134.339617965368,1153.9949437229434,985.5073730158732
F,57.0,1.595,63.8,1134.4796179653679,1153.9949437229434,908.4191706349208
F,59.0,1.51,54.2,1134.4796179653679,1153.9949437229434,867.6127499999991
F,23.0,1.624,48.3,1141.5674274891776,1157.4515714285712,872.7250416666665
F,27.0,1.606,46.6,1132.7490941558442,1153.017003246753,859.1559365079364
F,22.0,1.65,62.4,1141.5674274891776,1157.4515714285712,911.1158472222226
M,48.0,1.584,57.3,1134.4796179653679,1153.9949437229434,869.3512162698414
M,32.0,1.753,90.6,1146.163137806638,1159.789884199134,1092.6405476190478
M,32.0,1.714,67.9,1132.3503441558441,1153.017003246753,939.8531567460319
F,19.0,1.61,56.2,1141.5674274891776,1157.4515714285712,873.8250158730161
F,20.0,1.629,50.1,1141.5674274891776,1157.4515714285712,880.8458382034632
F,27.0,1.63,54.6,1132.7490941558442,1153.017003246753,888.6970099206347
F,21.0,1.654,52.7,1141.5674274891776,1157.4515714285712,888.3385465367962
F,51.0,1.562,49.2,1134.4796179653679,1153.9949437229434,844.2056726190473
F,18.0,1.661,52.7,1140.3474274891776,1156.315821428571,889.3035465367961
F,34.0,1.64,60.4,1132.7490941558442,1153.017003246753,897.6897281746035
F,19.0,1.629,57.6,1141.5674274891776,1157.4515714285712,883.2758809523812
F,19.0,1.583,52.6,1141.5674274891776,1157.4515714285712,888.6368798701296
F,25.0,1.58,43.4,1141.5674274891776,1157.4515714285712,853.353410714286
F,21.0,1.57,61.3,1141.5674274891776,1157.4515714285712,906.562055555556
M,47.0,1.653,67.2,1134.080867965368,1153.9949437229434,935.5916865079369
M,42.0,1.63,55.9,1134.4796179653679,1153.9949437229434,861.4359642857142
M,29.0,1.776,55.3,1132.7490941558442,1153.017003246753,885.6922876984124
M,21.0,1.788,72.6,1141.1874274891777,1157.4515714285712,1016.5443273809522
M,44.0,1.745,78.3,1134.459617965368,1153.9949437229434,1012.7058670634923
M,30.0,1.73,73.0,1132.3690941558443,1153.017003246753,1008.4316726190473
M,30.0,1.7,66.9,1132.3503441558441,1153.017003246753,940.0787460317459
M,19.0,1.772,82.5,1143.1983163780665,1159.1577023809523,1070.4415099206353
M,19.0,1.735,84.1,1144.7976497113998,1160.0867023809524,1085.116176587302
M,18.0,1.682,70.7,1139.9674274891777,1156.315821428571,1002.7558537157284
M,18.0,1.799,75.0,1139.724094155844,1156.315821428571,1032.066890873016
M,18.0,1.777,84.1,1142.6556497114,1158.5347023809522,1086.8855068542575
M,32.0,1.72,54.4,1132.7490941558442,1153.017003246753,887.2224265873015
M,51.0,1.691,73.6,1134.339617965368,1153.9949437229434,986.6923253968256
M,19.0,1.684,69.5,1141.1686774891778,1157.4515714285712,1000.8900937950937
M,45.0,1.669,63.4,1134.4796179653679,1153.9949437229434,889.4892261904761
M,27.0,1.7,67.5,1132.3503441558441,1153.017003246753,943.0937460317459
M,38.0,1.808,76.6,1134.459617965368,1153.9949437229434,1002.9991130952384
M,33.0,1.777,79.2,1133.9766497114,1154.1832532467529,1025.2873749999997
M,52.0,1.721,66.0,1134.080867965368,1153.9949437229434,909.0037876984128
F,21.0,1.62,50.6,1141.5674274891776,1157.4515714285712,883.5774301948051
F,40.0,1.64,60.6,1134.4796179653679,1153.9949437229434,896.4535337301588
F,26.0,1.61,59.2,1132.7490941558442,1153.017003246753,884.8888412698414
F,26.0,1.603,49.5,1132.7490941558442,1153.017003246753,873.114228174603
F,29.0,1.66,49.4,1132.7490941558442,1153.017003246753,873.114228174603
F,28.0,1.52,47.0,1132.7490941558442,1153.017003246753,859.1849365079365
F,18.0,1.627,55.7,1140.3474274891776,1156.315821428571,883.5297242063493
F,27.0,1.651,49.3,1132.7490941558442,1153.017003246753,872.8733948412697
M,40.0,1.732,65.4,1134.080867965368,1153.9949437229434,915.3743035714284
M,31.0,1.814,70.7,1132.3690941558443,1153.017003246753,995.2253273809525
M,28.0,1.827,68.0,1132.3503441558441,1153.017003246753,944.8722162698416
M,25.0,1.733,69.2,1141.1686774891778,1157.4515714285712,984.9418340548339
M,24.0,1.724,73.5,1141.1874274891777,1157.4515714285712,1020.9419841269842
M,22.0,1.76,80.5,1143.6349830447332,1157.438488095238,1053.56360966811
F,26.0,1.65,70.5,1132.3690941558443,1153.017003246753,992.6962023809526
F,58.0,1.52,57.1,1134.4796179653679,1153.9949437229434,869.2499107142858
F,52.0,1.62,51.7,1134.4796179653679,1153.9949437229434,853.0788878066373
F,34.0,1.59,60.0,1132.7490941558442,1153.017003246753,881.3893154761906
F,30.0,1.576,53.0,1132.7490941558442,1153.017003246753,886.2352775974023
F,30.0,1.675,50.2,1132.7490941558442,1153.017003246753,875.3024651875901
F,27.0,1.63,61.7,1132.7490941558442,1153.017003246753,896.5754352453105
F,32.0,1.619,62.8,1132.7490941558442,1153.017003246753,905.608246753247
F,38.0,1.65,55.9,1134.4796179653679,1153.9949437229434,861.4359642857142
F,34.0,1.675,54.4,1132.7490941558442,1153.017003246753,887.2224265873015
F,26.0,1.603,86.4,1138.7455068542567,1156.1011897546894,1076.8802182539687
M,34.0,1.69,54.4,1132.7490941558442,1153.017003246753,887.2224265873015
M,26.0,1.732,76.1,1132.7290941558442,1153.017003246753,1007.8180535714287
M,47.0,1.657,63.2,1134.4796179653679,1153.9949437229434,903.2658638167383
M,26.0,1.743,63.0,1132.7490941558442,1153.017003246753,906.9292467532472
M,51.0,1.621,70.1,1134.080867965368,1153.9949437229434,970.9616596320345
M,29.0,1.67,67.8,1132.3503441558441,1153.017003246753,943.1545257936509
M,33.0,1.751,81.1,1135.8266497113998,1153.3939199134197,1039.5069404761903
M,34.0,1.691,53.4,1132.7490941558442,1153.017003246753,885.9742191558439
F,18.0,1.557,55.1,1140.3474274891776,1156.315821428571,890.6110396825395
F,18.0,1.647,48.2,1140.3474274891776,1156.315821428571,877.2513035714285
F,18.0,1.593,57.6,1140.3474274891776,1156.315821428571,890.9641468253972
F,18.0,1.683,66.9,1139.9486774891777,1156.315821428571,945.2796170634922
F,18.0,1.482,45.5,1140.3474274891776,1156.315821428571,858.8405773809527
F,16.0,1.55,46.6,1140.3474274891776,1156.315821428571,867.5499642857143
F,17.0,1.56,53.7,1140.3474274891776,1156.315821428571,886.0730396825394
F,16.0,1.561,48.2,1140.3474274891776,1156.315821428571,877.2513035714285
F,17.0,1.606,60.0,1140.3474274891776,1156.315821428571,902.278531746032
M,18.0,1.79,55.5,1140.3474274891776,1156.315821428571,882.3369880952383
M,18.0,1.749,90.7,1150.081018759019,1163.0286190476188,1106.8917799422804
M,18.0,1.724,58.0,1140.3474274891776,1156.315821428571,890.7082539682543
M,18.0,1.795,77.1,1139.724094155844,1156.315821428571,1033.4791816378067
M,18.0,1.661,54.7,1140.3474274891776,1156.315821428571,889.4047420634918
M,16.0,1.905,70.9,1139.9674274891777,1156.315821428571,1001.4593180014429
M,16.0,1.739,62.8,1140.3474274891776,1156.315821428571,914.7833115079366
M,16.0,1.79,55.8,1140.3474274891776,1156.315821428571,885.1869007936508
M,17.0,1.809,63.8,1140.3474274891776,1156.315821428571,916.7431289682543
M,17.0,1.664,50.4,1140.3474274891776,1156.315821428571,884.7530762987012
F,18.0,1.566,51.8,1140.3474274891776,1156.315821428571,885.7508163780661
F,18.0,1.536,59.1,1140.3474274891776,1156.315821428571,896.854811507937
F,18.0,1.58,44.8,1140.3474274891776,1156.315821428571,858.354660714286
M,17.0,1.72,72.0,1139.9674274891777,1156.315821428571,1017.8867896825395
M,17.0,1.74,62.1,1140.3474274891776,1156.315821428571,908.3426428571431
M,17.0,1.729,53.1,1140.3474274891776,1156.315821428571,886.1481774891772
M,17.0,1.716,49.2,1140.3474274891776,1156.315821428571,877.6709226190472
M,17.0,1.69,50.0,1140.3474274891776,1156.315821428571,884.523492965368
M,17.0,1.775,101.7,1154.043102092352,1163.0855357142855,1179.443346861472
M,18.0,1.8,75.1,1139.724094155844,1156.315821428571,1034.394648809524
M,18.0,1.794,75.1,1139.724094155844,1156.315821428571,1034.394648809524
M,18.0,1.685,48.8,1140.3474274891776,1156.315821428571,876.7157321428568
F,20.0,1.514,55.6,1141.5674274891776,1157.4515714285712,873.7082916666666
F,20.0,1.558,42.1,1141.5674274891776,1157.4515714285712,853.7367321428575
F,19.0,1.724,53.2,1141.5674274891776,1157.4515714285712,884.5824761904759
M,19.0,1.784,68.2,1141.1686774891778,1157.4515714285712,946.5682606421359
M,23.0,1.825,74.1,1140.8324274891777,1157.4515714285712,1029.31428968254
M,22.0,1.702,63.5,1141.5674274891776,1157.4515714285712,912.2651190476194
M,19.0,1.795,85.5,1143.7605068542568,1160.7569246031744,1096.8947321428577
M,22.0,1.715,64.6,1141.1686774891778,1157.4515714285712,916.190773809524
M,19.0,1.74,57.2,1141.5674274891776,1157.4515714285712,881.1672123015876
M,23.0,1.83,78.5,1140.5374274891776,1157.4515714285712,1046.3281949855705
M,23.0,1.678,73.6,1141.1874274891777,1157.4515714285712,1022.0609126984128
M,23.0,1.724,54.2,1141.5674274891776,1157.4515714285712,886.9875277777777
M,23.0,1.875,77.8,1140.5374274891776,1157.4515714285712,1034.7548069985573
M,20.0,1.74,65.9,1141.1686774891778,1157.4515714285712,924.7010607864357
M,19.0,1.758,73.6,1141.1874274891777,1157.4515714285712,1022.0609126984128
M,18.0,1.67,67.8,1139.9486774891777,1156.315821428571,949.37039484127
M,25.0,1.744,79.0,1140.8863163780666,1158.2278214285711,1044.5133378427133
M,22.0,1.784,69.9,1141.1686774891778,1157.4515714285712,1002.100665223665
M,22.0,1.754,64.4,1141.1686774891778,1157.4515714285712,914.4044960317462
F,20.0,1.651,56.4,1141.5674274891776,1157.4515714285712,873.719896825397
F,19.0,1.525,52.0,1141.5674274891776,1157.4515714285712,882.2723759018756
F,19.0,1.617,59.1,1141.5674274891776,1157.4515714285712,892.9180317460319
F,19.0,1.585,46.0,1141.5674274891776,1157.4515714285712,859.5268511904765
F,19.0,1.614,53.0,1141.5674274891776,1157.4515714285712,886.1189989177487
F,19.0,1.655,53.7,1141.5674274891776,1157.4515714285712,885.3544563492063
F,19.0,1.54,62.5,1141.5674274891776,1157.4515714285712,912.9823194444448
F,20.0,1.649,52.5,1141.5674274891776,1157.4515714285712,889.9229036796537
F,20.0,1.64,47.6,1141.5674274891776,1157.4515714285712,867.2796666666666
F,19.0,1.594,47.8,1141.5674274891776,1157.4515714285712,870.3475833333332
F,19.0,1.623,58.2,1141.5674274891776,1157.4515714285712,883.2683214285717
F,34.0,1.582,54.1,1132.7490941558442,1153.017003246753,887.1583789682539
F,21.0,1.641,54.5,1141.5674274891776,1157.4515714285712,887.0515753968252
F,37.0,1.656,59.6,1134.4796179653679,1153.9949437229434,877.3969722222223
F,20.0,1.606,48.1,1141.5674274891776,1157.4515714285712,872.4502559523806
F,20.0,1.618,56.4,1141.5674274891776,1157.4515714285712,873.719896825397
F,34.0,1.61,50.9,1132.7490941558442,1153.017003246753,878.8817476551225
F,36.0,1.71,75.1,1132.7290941558442,1153.017003246753,1015.194486111111
F,20.0,1.612,51.9,1141.5674274891776,1157.4515714285712,882.3920009018757
F,24.0,1.667,55.3,1141.5674274891776,1157.4515714285712,886.5808531746028
F,35.0,1.661,54.9,1132.7490941558442,1153.017003246753,889.5923432539681
F,36.0,1.695,71.4,1132.3690941558443,1153.017003246753,1006.4244226190477
F,31.0,1.573,55.0,1132.7490941558442,1153.017003246753,889.6853432539682
F,20.0,1.678,53.9,1141.5674274891776,1157.4515714285712,886.2225277777777
F,20.0,1.617,55.3,1141.5674274891776,1157.4515714285712,886.5808531746028
M,29.0,1.73,64.0,1132.7490941558442,1153.017003246753,911.9084642857147
M,29.0,1.798,93.4,1144.8219235209235,1158.3150925324671,1095.5280535714287
M,19.0,1.712,65.4,1141.1686774891778,1157.4515714285712,924.4116448412695
M,39.0,1.715,67.8,1134.080867965368,1153.9949437229434,932.836472222222
M,47.0,1.668,73.9,1133.744617965368,1153.9949437229434,994.640771825397
F,33.0,1.66,52.7,1132.7490941558442,1153.017003246753,888.5510752164498
F,35.0,1.63,58.2,1132.7490941558442,1153.017003246753,875.5857182539683
F,32.0,1.603,44.8,1132.7490941558442,1153.017003246753,851.6649067460321
F,37.0,1.599,73.1,1134.339617965368,1153.9949437229434,983.8396587301588
F,32.0,1.595,52.6,1132.7490941558442,1153.017003246753,888.8494085497832
F,20.0,1.525,47.0,1141.5674274891776,1157.4515714285712,862.4765595238094
F,31.0,1.72,58.6,1132.7490941558442,1153.017003246753,878.9588253968255
F,36.0,1.61,52.6,1132.7490941558442,1153.017003246753,888.8494085497832
F,39.0,1.74,70.7,1134.339617965368,1153.9949437229434,976.3403392857144
F,32.0,1.61,47.4,1132.7490941558442,1153.017003246753,863.2752936507937
F,35.0,1.63,67.3,1132.3503441558441,1153.017003246753,943.6061587301589
F,35.0,1.694,58.2,1132.7490941558442,1153.017003246753,875.5857182539683
F,19.0,1.611,69.2,1141.1686774891778,1157.4515714285712,984.9418340548339
F,35.0,1.69,62.9,1132.7490941558442,1153.017003246753,906.3904193722947
F,19.0,1.63,47.9,1141.5674274891776,1157.4515714285712,870.2775833333332
F,19.0,1.68,56.8,1141.5674274891776,1157.4515714285712,879.2733551587304
F,22.0,1.668,56.4,1141.5674274891776,1157.4515714285712,873.719896825397
F,37.0,1.61,54.1,1134.4796179653679,1153.9949437229434,867.6127499999991
F,36.0,1.59,59.2,1132.7490941558442,1153.017003246753,884.8888412698414
F,33.0,1.647,67.9,1132.3503441558441,1153.017003246753,939.8531567460319
F,34.0,1.542,39.9,1132.7490941558442,1153.017003246753,850.422656746032
F,38.0,1.633,75.2,1134.459617965368,1153.9949437229434,1006.1725674603174
M,55.0,1.715,67.3,1134.080867965368,1153.9949437229434,936.4759543650798
M,60.0,1.703,58.4,1134.4796179653679,1153.9949437229434,874.2143075396826
M,29.0,1.765,71.6,1132.3690941558443,1153.017003246753,1006.9149226190476
M,49.0,1.66,72.7,1134.339617965368,1153.9949437229434,979.3777137445887
M,54.0,1.676,82.1,1137.9988401875903,1154.61661038961,1051.7778095238093
M,45.0,1.735,76.7,1134.459617965368,1153.9949437229434,1002.3115476190479
M,50.0,1.748,67.4,1134.080867965368,1153.9949437229434,936.5968591269844
M,43.0,1.675,69.2,1134.080867965368,1153.9949437229434,962.9706547619043
M,47.0,1.77,78.8,1134.8085068542568,1154.3849437229433,1020.3630059523811
M,55.0,1.71,81.4,1137.5571735209237,1154.45661038961,1042.1352142857143
M,56.0,1.77,94.6,1154.6682330447331,1160.5232830086577,1093.3334226190477
F,39.0,1.695,51.6,1134.4796179653679,1153.9949437229434,852.6829592352087
F,39.0,1.563,70.0,1134.080867965368,1153.9949437229434,971.0979096320345
F,34.0,1.585,57.5,1132.7490941558442,1153.017003246753,874.0299980158733
F,29.0,1.55,50.8,1132.7490941558442,1153.017003246753,878.8777476551226
F,38.0,1.705,72.9,1134.339617965368,1153.9949437229434,979.1575654761905
F,26.0,1.57,51.3,1132.7490941558442,1153.017003246753,879.8224870129869
F,32.0,1.525,54.5,1132.7490941558442,1153.017003246753,887.2224265873015
F,35.0,1.632,54.1,1132.7490941558442,1153.017003246753,887.1583789682539
F,38.0,1.66,46.6,1134.4796179653679,1153.9949437229434,847.2078333333333
F,18.0,1.584,53.0,1140.3474274891776,1156.315821428571,887.6039989177485
F,36.0,1.61,51.3,1132.7490941558442,1153.017003246753,879.8224870129869
F,28.0,1.672,55.2,1132.7490941558442,1153.017003246753,890.0939404761904
F,33.0,1.615,50.8,1132.7490941558442,1153.017003246753,878.8777476551226
F,34.0,1.656,61.3,1132.7490941558442,1153.017003246753,895.5084563492067
F,34.0,1.543,53.8,1132.7490941558442,1153.017003246753,885.6922469336218
M,34.0,1.73,70.5,1132.3690941558443,1153.017003246753,992.6962023809526
F,19.0,1.691,66.1,1141.1686774891778,1157.4515714285712,924.2843246753246
M,16.0,1.7,61.7,1140.3474274891776,1156.315821428571,908.3732400793654
M,16.0,1.7,52.7,1140.3474274891776,1156.315821428571,889.3035465367961
M,18.0,1.646,55.9,1140.3474274891776,1156.315821428571,883.9736825396827
M,16.0,1.715,74.5,1139.6124274891777,1156.315821428571,1029.5315575396826
M,17.0,1.725,87.5,1149.8341497113997,1160.0210357142855,1092.7486309523817
F,17.0,1.498,47.8,1140.3474274891776,1156.315821428571,875.3853452380952
F,17.0,1.509,51.1,1140.3474274891776,1156.315821428571,885.1791536796533
F,17.0,1.615,51.0,1140.3474274891776,1156.315821428571,885.38644534632
F,18.0,1.612,54.0,1140.3474274891776,1156.315821428571,887.1911111111109
F,17.0,1.54,45.4,1140.3474274891776,1156.315821428571,858.8405773809527
F,17.0,1.568,50.9,1140.3474274891776,1156.315821428571,885.3247635281382
F,17.0,1.57,50.2,1140.3474274891776,1156.315821428571,884.3244096320345
F,17.0,1.598,61.9,1140.3474274891776,1156.315821428571,907.9606984126989
F,18.0,1.649,73.2,1139.9674274891777,1156.315821428571,1019.9744365079366
F,18.0,1.63,83.1,1141.638983044733,1157.6597023809522,1083.6633679653685
F,18.0,1.642,64.8,1139.9486774891777,1156.315821428571,919.420367063492
F,17.0,1.649,52.7,1140.3474274891776,1156.315821428571,889.3035465367961
F,18.0,1.621,54.0,1140.3474274891776,1156.315821428571,887.1911111111109
F,16.0,1.55,47.8,1140.3474274891776,1156.315821428571,875.3853452380952
F,16.0,1.61,51.3,1140.3474274891776,1156.315821428571,885.1887251082247
F,16.0,1.689,67.9,1139.9486774891777,1156.315821428571,947.3024186507937
F,18.0,1.69,74.7,1139.724094155844,1156.315821428571,1029.5099861111114
M,18.0,1.7,63.6,1140.3474274891776,1156.315821428571,913.4586488095242
M,18.0,1.675,65.7,1139.9486774891777,1156.315821428571,922.0288650793648
M,18.0,1.668,57.2,1140.3474274891776,1156.315821428571,890.1647539682543
M,17.0,1.834,77.6,1139.724094155844,1156.315821428571,1035.4587335858587
M,18.0,1.716,54.6,1140.3474274891776,1156.315821428571,889.2447420634917
M,18.0,1.777,60.4,1140.3474274891776,1156.315821428571,910.2789900793651
M,17.0,1.65,75.5,1139.724094155844,1156.315821428571,1034.232526875902
M,18.0,1.681,64.9,1139.9486774891777,1156.315821428571,919.7437956349207
M,17.0,1.68,63.3,1140.3474274891776,1156.315821428571,915.612643009768
M,17.0,1.724,83.8,1142.6556497114,1158.5347023809522,1087.722810425686
M,18.0,1.758,62.3,1140.3474274891776,1156.315821428571,909.9826904761907
M,17.0,1.747,60.8,1140.3474274891776,1156.315821428571,905.2769792568546
M,16.0,1.806,63.7,1140.3474274891776,1156.315821428571,919.0048373015874
M,16.0,1.701,60.4,1140.3474274891776,1156.315821428571,910.2789900793651
F,16.0,1.629,49.2,1140.3474274891776,1156.315821428571,877.6709226190472
F,16.0,1.602,45.0,1140.3474274891776,1156.315821428571,858.8693273809528
F,16.0,1.624,52.8,1140.3474274891776,1156.315821428571,889.1485465367962
M,16.0,1.845,82.9,1141.638983044733,1157.6597023809522,1083.3350584415589
M,17.0,1.68,69.8,1139.9486774891777,1156.315821428571,1000.1790640331888
M,16.0,1.655,54.8,1140.3474274891776,1156.315821428571,890.2532896825395
F,17.0,1.659,62.3,1140.3474274891776,1156.315821428571,909.9826904761907
F,17.0,1.665,56.5,1140.3474274891776,1156.315821428571,883.6430337301589
F,17.0,1.589,57.1,1140.3474274891776,1156.315821428571,889.6772539682544
F,17.0,1.62,86.0,1144.3218401875902,1159.4910357142855,1093.8011626984132
F,16.0,1.687,64.9,1139.9486774891777,1156.315821428571,919.7437956349207
F,32.0,1.644,43.7,1132.7490941558442,1153.017003246753,850.8747400793654
F,34.0,1.674,55.5,1132.7490941558442,1153.017003246753,867.6165535714285
F,29.0,1.562,56.6,1132.7490941558442,1153.017003246753,868.5429603174604
M,29.0,1.715,76.1,1132.7290941558442,1153.017003246753,1007.8180535714287
M,21.0,1.695,67.9,1141.1686774891778,1157.4515714285712,940.916265873016
M,22.0,1.785,70.5,1141.1874274891777,1157.4515714285712,998.6860818903319
M,28.0,1.753,63.8,1132.7490941558442,1153.017003246753,911.2009087301591
M,32.0,1.755,84.0,1135.9793163780664,1155.8029675324674,1061.7363273809528
M,20.0,1.7,54.9,1141.5674274891776,1157.4515714285712,889.2323253968252
M,20.0,1.661,57.1,1141.5674274891776,1157.4515714285712,881.1701289682542
M,20.0,1.715,68.8,1141.1686774891778,1157.4515714285712,963.5219312770565
M,28.0,1.676,63.8,1132.7490941558442,1153.017003246753,911.2009087301591
M,21.0,1.729,64.9,1141.1686774891778,1157.4515714285712,916.6468988095238
M,22.0,1.746,66.6,1141.1686774891778,1157.4515714285712,931.9788147546898
M,25.0,1.805,89.1,1161.8633163780664,1162.1091190476188,1094.6294166666669
M,34.0,1.679,65.1,1132.3503441558441,1153.017003246753,918.5319880952379
M,30.0,1.7,67.6,1132.3503441558441,1153.017003246753,942.3313452380954
M,33.0,1.785,79.5,1135.8266497113998,1153.9912532467529,1030.8818988095236
M,35.0,1.766,74.1,1132.0140941558443,1153.017003246753,1014.7859980158729
M,25.0,1.66,56.3,1141.5674274891776,1157.4515714285712,873.8250158730161
M,35.0,1.77,84.6,1135.9793163780664,1155.8029675324674,1063.292678571429
M,32.0,1.65,70.3,1132.2290941558442,1153.017003246753,993.6342142857143
M,20.0,1.716,75.8,1140.5374274891776,1157.4515714285712,1032.0856022727273
M,20.0,1.751,65.4,1141.1686774891778,1157.4515714285712,924.4116448412695
M,20.0,1.736,69.5,1141.1686774891778,1157.4515714285712,1000.8900937950937
M,20.0,1.74,68.7,1141.1686774891778,1157.4515714285712,962.3321812770566
M,31.0,1.82,90.2,1148.3124235209234,1159.789884199134,1092.5983750000003
M,20.0,1.716,85.7,1146.4638401875902,1160.7569246031744,1096.199529761905
M,20.0,1.759,71.4,1141.1874274891777,1157.4515714285712,1014.8826865079365
M,20.0,1.718,65.8,1141.1686774891778,1157.4515714285712,920.8022718253966
M,20.0,1.634,67.7,1141.1686774891778,1157.4515714285712,943.4226765873018
M,19.0,1.8,68.8,1141.1686774891778,1157.4515714285712,963.5219312770565
M,22.0,1.848,100.7,1157.9533163780663,1163.9112857142857,1172.3606760461764
M,20.0,1.697,57.8,1141.5674274891776,1157.4515714285712,883.1437976190477
M,20.0,1.693,67.7,1141.1686774891778,1157.4515714285712,943.4226765873018
M,20.0,1.682,69.2,1141.1686774891778,1157.4515714285712,984.9418340548339
M,20.0,1.851,73.1,1141.1874274891777,1157.4515714285712,1017.8311448412695
M,20.0,1.764,85.2,1143.7605068542568,1160.2094246031745,1089.4639206349211
M,20.0,1.69,59.7,1141.5674274891776,1157.4515714285712,895.6630555555557
M,20.0,1.861,84.0,1144.7976497113998,1160.0867023809524,1085.3222182539687
M,35.0,1.722,88.5,1155.199983044733,1157.2401897546893,1088.6724781746034
M,37.0,1.784,73.8,1133.744617965368,1153.9949437229434,987.7080873015874
M,20.0,1.774,72.6,1141.1874274891777,1157.4515714285712,1016.5443273809522
M,32.0,1.757,86.9,1138.7455068542567,1156.1011897546894,1078.0586388888892
M,21.0,1.786,64.9,1141.1686774891778,1157.4515714285712,916.6468988095238
M,36.0,1.64,62.1,1132.7490941558442,1153.017003246753,897.1077388167391
M,23.0,1.76,77.6,1140.5374274891776,1157.4515714285712,1033.9619002525253
M,49.0,1.78,87.6,1145.2350068542569,1156.257213564213,1078.6399801587306
M,29.0,1.69,85.9,1137.0438401875901,1156.1011897546894,1077.737321428572
M,35.0,1.686,71.8,1132.3690941558443,1153.017003246753,1007.1114702380952
M,26.0,1.773,72.1,1132.3690941558443,1153.017003246753,1008.9422321428569
M,23.0,1.767,73.1,1141.1874274891777,1157.4515714285712,1017.8311448412695
M,20.0,1.817,97.9,1157.701602092352,1166.0193928571427,1111.036748556999
M,40.0,1.705,84.0,1136.5498401875902,1155.6608246753244,1061.1532440476192
M,31.0,1.805,93.0,1143.6969235209235,1158.3150925324671,1095.6868035714288
M,39.0,1.739,95.6,1154.6682330447331,1160.1725687229434,1113.902773809524
M,36.0,1.836,87.7,1148.1451497113997,1156.6311897546893,1077.7007539682543
M,19.0,1.703,77.8,1140.5374274891776,1157.4515714285712,1034.7548069985573
M,37.0,1.708,81.2,1137.5571735209237,1154.45661038961,1040.8275535714286
M,22.0,1.852,91.4,1150.8330187590188,1163.3102023809522,1095.6455714285714
M,19.0,1.711,65.0,1141.1686774891778,1157.4515714285712,917.7309503968254
M,36.0,1.66,73.7,1132.0140941558443,1153.017003246753,1012.3160753968256
M,27.0,1.606,65.8,1132.3503441558441,1153.017003246753,920.1333511904761
M,29.0,1.77,86.2,1137.9555068542568,1156.1011897546894,1076.861408730159
M,34.0,1.68,81.4,1135.8266497113998,1153.5239199134196,1041.8765119047619
M,23.0,1.774,72.8,1141.1874274891777,1157.4515714285712,1014.7924107142856
M,21.0,1.887,98.3,1157.9533163780663,1165.4115357142855,1107.4740699855706
M,23.0,1.72,65.2,1141.1686774891778,1157.4515714285712,919.9773849206347
M,30.0,1.643,77.4,1132.7290941558442,1153.017003246753,1009.58568452381
M,22.0,1.755,97.0,1157.8841020923521,1164.5860595238094,1114.6060838744595
M,26.0,1.813,77.1,1132.7290941558442,1153.017003246753,1006.961404761905
M,36.0,1.709,69.7,1132.3503441558441,1153.017003246753,993.2589761904766
M,39.0,1.72,59.9,1134.4796179653679,1153.9949437229434,880.005267857143
M,30.0,1.824,81.9,1135.8266497113998,1153.5239199134196,1046.2952103174605
M,37.0,1.666,56.8,1134.4796179653679,1153.9949437229434,867.9118273809526
M,26.0,1.695,63.4,1132.7490941558442,1153.017003246753,886.6223293650795
M,26.0,1.663,68.3,1132.3503441558441,1153.017003246753,945.0368611111112
M,39.0,1.728,68.3,1134.080867965368,1153.9949437229434,932.636357142857
M,28.0,1.686,72.6,1132.3690941558443,1153.017003246753,1010.5055297619044
M,26.0,1.703,67.8,1132.3503441558441,1153.017003246753,943.1545257936509
M,21.0,1.773,69.3,1141.1686774891778,1157.4515714285712,996.4409516594513
M,36.0,1.675,84.1,1135.9793163780664,1155.8029675324674,1061.682160714286
M,34.0,1.674,67.3,1132.3503441558441,1153.017003246753,943.6061587301589
M,41.0,1.691,66.6,1134.080867965368,1153.9949437229434,919.6567043650793
M,29.0,1.706,64.0,1132.7490941558442,1153.017003246753,911.9084642857147
M,40.0,1.707,74.2,1133.744617965368,1153.9949437229434,1003.6629583333329
M,40.0,1.694,79.8,1137.5571735209237,1155.1611937229434,1036.2819761904766
M,53.0,1.635,64.5,1134.080867965368,1153.9949437229434,907.6574880952383
M,57.0,1.651,56.4,1134.4796179653679,1153.9949437229434,861.4595178571429
M,44.0,1.657,60.1,1134.4796179653679,1153.9949437229434,872.1168154761907
M,67.0,1.75,80.5,1137.5571735209237,1158.8658603896101,1038.214748015873
F,29.0,1.67,41.3,1132.7490941558442,1153.017003246753,851.1481031746034
F,31.0,1.604,44.1,1132.7490941558442,1153.017003246753,851.4355734126988
F,27.0,1.614,49.3,1132.7490941558442,1153.017003246753,872.8733948412697
F,30.0,1.597,46.7,1132.7490941558442,1153.017003246753,859.1559365079364
F,27.0,1.647,73.1,1132.3690941558443,1153.017003246753,1009.9350337301585
F,29.0,1.596,56.5,1132.7490941558442,1153.017003246753,867.7737222222223
F,28.0,1.6,49.0,1132.7490941558442,1153.017003246753,868.2262043650792
F,36.0,1.616,63.5,1132.7490941558442,1153.017003246753,907.1233253968255
F,29.0,1.556,56.8,1132.7490941558442,1153.017003246753,871.6928710317462
M,34.0,1.72,70.1,1132.3503441558441,1153.017003246753,993.7715476190477
M,36.0,1.734,91.6,1144.0505663780664,1158.4836341991338,1095.010904761905
M,35.0,1.704,66.2,1132.3503441558441,1153.017003246753,921.1215865800864
M,31.0,1.728,78.6,1132.7290941558442,1153.017003246753,1027.323142857143
M,37.0,1.786,83.4,1136.6098401875904,1155.3591580086577,1051.687234126984
M,27.0,1.685,85.6,1137.0438401875901,1156.1011897546894,1078.6757380952386
M,37.0,1.754,106.3,1156.3906814574314,1154.6478127705625,1186.3842296176051
F,34.0,1.645,73.8,1132.0140941558443,1153.017003246753,1012.2023253968255
F,26.0,1.638,47.6,1132.7490941558442,1153.017003246753,863.6347103174603
F,28.0,1.592,50.4,1132.7490941558442,1153.017003246753,876.9469651875901
F,34.0,1.672,84.6,1135.9793163780664,1155.8029675324674,1063.292678571429
F,31.0,1.563,56.1,1132.7490941558442,1153.017003246753,865.2400257936508
F,32.0,1.574,46.3,1132.7490941558442,1153.017003246753,858.443603174603
F,32.0,1.625,65.5,1132.3503441558441,1153.017003246753,920.8376884920633
F,31.0,1.558,56.6,1132.7490941558442,1153.017003246753,868.5429603174604
F,28.0,1.635,58.1,1132.7490941558442,1153.017003246753,875.1682182539682
F,26.0,1.655,58.0,1132.7490941558442,1153.017003246753,874.9665753968255
F,32.0,1.558,52.6,1132.7490941558442,1153.017003246753,888.8494085497832
F,34.0,1.621,51.5,1132.7490941558442,1153.017003246753,885.7038569624821
F,30.0,1.705,60.2,1132.7490941558442,1153.017003246753,883.9435555555557
F,27.0,1.58,47.9,1132.7490941558442,1153.017003246753,866.3913174603174
F,28.0,1.67,55.6,1132.7490941558442,1153.017003246753,867.0678035714285
F,28.0,1.594,63.3,1132.7490941558442,1153.017003246753,898.3180086580086
F,30.0,1.507,60.2,1132.7490941558442,1153.017003246753,883.9435555555557
F,26.0,1.612,47.1,1132.7490941558442,1153.017003246753,859.4224365079365
F,29.0,1.59,48.0,1132.7490941558442,1153.017003246753,867.7517757936508
F,33.0,1.6,56.0,1132.7490941558442,1153.017003246753,865.6080257936509
F,29.0,1.655,51.6,1132.7490941558442,1153.017003246753,885.2838569624821
M,36.0,1.751,68.0,1132.3503441558441,1153.017003246753,944.8722162698416
M,19.0,1.696,69.8,1141.1686774891778,1157.4515714285712,1001.3831473665222
M,19.0,1.682,61.5,1141.5674274891776,1157.4515714285712,906.1718769841273
M,35.0,1.682,69.8,1132.3503441558441,1153.017003246753,993.2416547619051
M,38.0,1.78,85.4,1135.5126973304475,1155.7272135642131,1067.3890039682542
M,36.0,1.69,79.3,1133.9766497114,1154.1832532467529,1027.5433749999997
M,35.0,1.673,66.0,1132.3503441558441,1153.017003246753,922.2777949134198
M,39.0,1.701,78.1,1134.459617965368,1153.9949437229434,1012.1454642857145
M,35.0,1.699,70.7,1132.3690941558443,1153.017003246753,995.2253273809525
M,45.0,1.653,74.5,1133.744617965368,1153.9949437229434,1001.2804940476187
M,18.0,1.68,78.6,1139.724094155844,1156.315821428571,1048.3761116522371
M,24.0,1.647,74.6,1140.8324274891777,1157.4515714285712,1030.9047361111113
M,48.0,1.714,93.5,1147.9632806637808,1158.2677830086577,1093.945625
M,21.0,1.625,68.6,1141.1686774891778,1157.4515714285712,951.5087864357866
M,18.0,1.665,52.4,1140.3474274891776,1156.315821428571,891.5159393939393
M,17.0,1.625,47.0,1140.3474274891776,1156.315821428571,867.5789642857143
M,19.0,1.721,82.2,1144.0766497113998,1159.1577023809523,1071.9039384920643
M,18.0,1.786,70.8,1139.9674274891777,1156.315821428571,1001.4209846681096
M,18.0,1.709,75.0,1139.724094155844,1156.315821428571,1032.066890873016
M,17.0,1.755,71.6,1139.9674274891777,1156.315821428571,1016.9483035714286
M,17.0,1.751,92.9,1146.6673044733045,1162.2619523809524,1109.52708946609
M,17.0,1.757,63.7,1140.3474274891776,1156.315821428571,919.0048373015874
M,17.0,1.663,49.5,1140.3474274891776,1156.315821428571,881.1166726190473
M,17.0,1.724,75.3,1139.724094155844,1156.315821428571,1034.4923760822512
M,18.0,1.772,70.8,1139.9674274891777,1156.315821428571,1001.4209846681096
M,17.0,1.728,65.1,1139.9486774891777,1156.315821428571,921.6949900793647
M,16.0,1.669,82.2,1142.3413163780665,1157.6057023809524,1078.6891655844163
M,16.0,1.778,76.1,1139.724094155844,1156.315821428571,1032.9204673520924
M,17.0,1.77,77.0,1139.724094155844,1156.315821428571,1033.0476816378068
M,16.0,1.731,71.2,1139.9674274891777,1156.315821428571,1012.4756428571428
M,16.0,1.661,65.6,1139.9486774891777,1156.315821428571,925.3385317460315
M,17.0,1.732,65.4,1139.9486774891777,1156.315821428571,928.4258769841267
M,17.0,1.711,56.4,1140.3474274891776,1156.315821428571,883.1584503968256
M,16.0,1.739,60.7,1140.3474274891776,1156.315821428571,906.3130149711401
M,17.0,1.698,71.4,1139.9674274891777,1156.315821428571,1014.8435972222223
M,16.0,1.633,58.7,1140.3474274891776,1156.315821428571,890.1663670634925
M,16.0,1.675,77.9,1139.724094155844,1156.315821428571,1036.477473665224
M,16.0,1.674,52.7,1140.3474274891776,1156.315821428571,889.3035465367961
M,17.0,1.766,67.2,1139.9486774891777,1156.315821428571,947.4963035714286
M,17.0,1.782,69.6,1139.9486774891777,1156.315821428571,999.6608973665222
M,17.0,1.726,62.3,1140.3474274891776,1156.315821428571,909.9826904761907
M,17.0,1.737,70.6,1139.9674274891777,1156.315821428571,1001.7331156204906
M,17.0,1.691,65.1,1139.9486774891777,1156.315821428571,921.6949900793647
M,18.0,1.664,75.3,1139.724094155844,1156.315821428571,1034.4923760822512
M,17.0,1.746,103.1,1155.0636576479076,1159.096857142857,1185.9490968614723
M,17.0,1.728,58.6,1140.3474274891776,1156.315821428571,890.6660337301593
M,18.0,1.703,61.5,1140.3474274891776,1156.315821428571,908.0842341269844
M,18.0,1.791,64.9,1139.9486774891777,1156.315821428571,919.7437956349207
M,18.0,1.725,65.4,1139.9486774891777,1156.315821428571,928.4258769841267
M,16.0,1.738,52.2,1140.3474274891776,1156.315821428571,891.7878560606058
M,16.0,1.744,63.1,1140.3474274891776,1156.315821428571,916.8503453907203
M,41.0,1.708,75.3,1134.459617965368,1153.9949437229434,1006.1725674603174
M,44.0,1.663,62.0,1134.4796179653679,1153.9949437229434,894.4915999278501
M,45.0,1.629,53.1,1134.4796179653679,1153.9949437229434,864.8741259018751
M,54.0,1.724,86.4,1139.8610306637806,1155.7272135642131,1074.5536547619051
M,56.0,1.753,74.6,1133.744617965368,1153.9949437229434,1001.0641249999998
M,48.0,1.719,77.0,1134.459617965368,1153.9949437229434,1003.4737380952383
M,19.0,1.833,65.3,1141.1686774891778,1157.4515714285712,923.3731805555553
M,24.0,1.861,95.4,1157.4426735209233,1165.430613095238,1114.9757619047623
M,38.0,1.79,90.4,1148.489494949495,1158.997991341991,1090.8890773809526
M,69.0,1.608,75.7,1134.459617965368,1158.5341937229432,999.0821309523807
M,68.0,1.658,71.2,1134.069617965368,1158.5341937229432,976.1064821428574
M,20.0,1.735,58.1,1141.5674274891776,1157.4515714285712,882.9536547619049
M,56.0,1.643,67.0,1134.080867965368,1153.9949437229434,929.5486865079368
M,42.0,1.758,88.8,1156.4888401875903,1157.0981580086577,1085.6143392857148
M,42.0,1.737,82.7,1137.436506854257,1155.1583246753244,1050.518382936508
M,48.0,1.656,65.1,1134.080867965368,1153.9949437229434,914.601521825397
M,36.0,1.648,83.1,1135.5659830447332,1154.9279675324674,1049.0202579365082
M,43.0,1.719,76.4,1134.459617965368,1153.9949437229434,1003.8213531746032
M,20.0,1.665,57.1,1141.5674274891776,1157.4515714285712,881.1701289682542
M,44.0,1.647,64.7,1134.080867965368,1153.9949437229434,908.2043690476191
M,31.0,1.676,67.2,1132.3503441558441,1153.017003246753,942.8733075396827
M,64.0,1.671,82.4,1137.120506854257,1159.6975746753244,1043.245964285714
M,36.0,1.719,76.2,1132.7290941558442,1153.017003246753,1007.425267857143
M,60.0,1.59,56.3,1134.4796179653679,1153.9949437229434,860.6148035714286
M,59.0,1.695,68.9,1134.080867965368,1153.9949437229434,950.9020019841265
M,69.0,1.584,72.3,1134.069617965368,1158.5341937229432,978.6774696969698
M,22.0,1.738,72.6,1141.1874274891777,1157.4515714285712,1016.5443273809522
M,19.0,1.704,60.6,1141.5674274891776,1157.4515714285712,904.15080952381
M,51.0,1.713,84.2,1136.5498401875902,1155.6608246753244,1061.0353273809524
M,24.0,1.825,92.0,1149.0093044733046,1162.173119047619,1097.4038214285715
M,47.0,1.68,87.7,1149.434006854257,1156.257213564213,1077.9071111111114
M,19.0,1.86,77.9,1140.5374274891776,1157.4515714285712,1034.9806403318908
M,22.0,1.827,75.4,1140.5374274891776,1157.4515714285712,1034.0855983044735
M,69.0,1.672,66.3,1133.9962846320348,1158.5341937229432,910.907146825397
M,61.0,1.576,65.9,1134.080867965368,1153.9949437229434,909.0096210317461
M,46.0,1.593,79.6,1137.5571735209237,1155.1611937229434,1032.9742976190482
M,53.0,1.582,63.9,1134.4796179653679,1153.9949437229434,907.8648373015874
M,18.0,1.753,65.6,1139.9486774891777,1156.315821428571,925.3385317460315
M,44.0,1.637,61.9,1134.4796179653679,1153.9949437229434,894.87284992785
M,18.0,1.756,65.2,1139.9486774891777,1156.315821428571,921.746704365079
M,19.0,1.61,69.6,1141.1686774891778,1157.4515714285712,1001.0217604617603
M,18.0,1.733,56.8,1140.3474274891776,1156.315821428571,887.678396825397
M,35.0,1.714,77.0,1132.7290941558442,1153.017003246753,1006.8397380952383
M,42.0,1.763,85.1,1135.5126973304475,1155.3013802308799,1065.968623015873
M,46.0,1.688,87.5,1145.2350068542569,1156.257213564213,1078.5983134920639
M,49.0,1.669,73.7,1133.744617965368,1153.9949437229434,985.2540277777781
M,51.0,1.663,79.7,1137.5571735209237,1155.1611937229434,1032.7222619047625
M,32.0,1.809,75.2,1132.7290941558442,1153.017003246753,1015.3483035714285
M,50.0,1.651,65.2,1134.080867965368,1153.9949437229434,914.2702301587301
M,36.0,1.641,64.4,1132.3503441558441,1153.017003246753,909.4481468253971
M,18.0,1.722,55.9,1140.3474274891776,1156.315821428571,883.9736825396827
M,20.0,1.634,57.3,1141.5674274891776,1157.4515714285712,881.2659623015876
M,19.0,1.779,51.9,1141.5674274891776,1157.4515714285712,882.3920009018757
M,17.0,1.615,57.9,1140.3474274891776,1156.315821428571,890.6269444444448
M,16.0,1.752,75.7,1139.724094155844,1156.315821428571,1034.6940189393938
M,38.0,1.845,90.3,1150.6387806637808,1158.997991341991,1090.8890773809526
M,19.0,1.684,55.7,1141.5674274891776,1157.4515714285712,875.0220634920634
M,19.0,1.793,72.5,1141.1874274891777,1157.4515714285712,1016.8183273809522
M,19.0,1.654,55.9,1141.5674274891776,1157.4515714285712,874.4047003968253
M,20.0,1.649,67.1,1141.1686774891778,1157.4515714285712,944.4187083333336
M,19.0,1.724,65.2,1141.1686774891778,1157.4515714285712,919.9773849206347
M,19.0,1.735,63.2,1141.5674274891776,1157.4515714285712,913.6365914224667
M,20.0,1.795,78.6,1140.5374274891776,1157.4515714285712,1045.6493616522373
M,20.0,1.75,63.2,1141.5674274891776,1157.4515714285712,913.6365914224667
M,19.0,1.739,55.6,1141.5674274891776,1157.4515714285712,873.7082916666666
M,17.0,1.699,54.1,1140.3474274891776,1156.315821428571,887.706111111111
M,16.0,1.749,66.7,1139.9486774891777,1156.315821428571,943.1271706349207
M,16.0,1.694,86.1,1144.3218401875902,1159.4910357142855,1093.8011626984132
M,17.0,1.794,89.2,1159.6813163780664,1161.1287857142854,1100.679623196249
M,16.0,1.722,64.8,1139.9486774891777,1156.315821428571,919.420367063492
M,27.0,1.828,108.0,1150.3647409812409,1153.160997294372,1188.0129081890336
M,35.0,1.77,83.7,1136.0393163780664,1154.9279675324674,1061.6181369047624
M,32.0,1.635,64.5,1132.3503441558441,1153.017003246753,912.6537936507938
M,31.0,1.801,84.5,1135.9793163780664,1155.8029675324674,1061.6909107142862
M,29.0,1.801,89.4,1153.3881973304474,1159.789884199134,1089.456029761905
M,33.0,1.708,86.0,1137.0438401875901,1156.1011897546894,1077.7355158730163
M,36.0,1.761,78.9,1133.0779830447332,1153.4070032467528,1030.4095238095238
M,29.0,1.731,79.8,1135.8266497113998,1153.9912532467529,1039.6731011904762
M,38.0,1.749,77.7,1134.459617965368,1153.9949437229434,1003.4387023809529
M,38.0,1.724,75.5,1134.459617965368,1153.9949437229434,1004.0483313492061
M,21.0,1.732,79.3,1141.784983044733,1158.2278214285711,1044.7863120490622
M,30.0,1.694,68.9,1132.3503441558441,1153.017003246753,966.0704841269842
M,24.0,1.736,79.9,1143.6349830447332,1158.0358214285711,1051.2451096681098
M,28.0,1.762,77.0,1132.7290941558442,1153.017003246753,1006.8397380952383
M,28.0,1.762,70.9,1132.3690941558443,1153.017003246753,993.6444940476191
M,25.0,1.798,79.6,1143.6349830447332,1158.0358214285711,1048.691978715729
M,25.0,1.757,69.7,1141.1686774891778,1157.4515714285712,1001.3342187950936
M,25.0,1.8,71.1,1141.1874274891777,1157.4515714285712,1007.6580918109665
M,35.0,1.674,79.2,1133.9766497114,1154.1832532467529,1025.2873749999997
M,35.0,1.819,80.7,1135.8266497113998,1153.3939199134197,1042.9492857142857
M,28.0,1.747,92.9,1142.9719235209234,1158.4190508658005,1096.0913273809526
M,34.0,1.764,72.1,1132.3690941558443,1153.017003246753,1008.9422321428569
M,37.0,1.764,80.8,1137.5571735209237,1154.32661038961,1041.2004444444447
M,35.0,1.622,68.6,1132.3503441558441,1153.017003246753,949.6032638888889
M,27.0,1.764,67.8,1132.3503441558441,1153.017003246753,943.1545257936509
M,37.0,1.758,80.5,1137.5571735209237,1154.32661038961,1041.6173313492066
M,32.0,1.677,67.2,1132.3503441558441,1153.017003246753,942.8733075396827
M,32.0,1.835,81.2,1135.8266497113998,1153.5239199134196,1042.5914226190473
M,28.0,1.711,73.5,1132.3690941558443,1153.017003246753,1011.6835218253967
M,35.0,1.695,87.0,1138.7455068542567,1156.1011897546894,1079.5026626984131
M,42.0,1.65,79.0,1134.8085068542568,1155.1611937229434,1022.125630952381
M,44.0,1.703,75.8,1134.459617965368,1153.9949437229434,1004.2367202380955
M,26.0,1.588,51.8,1132.7490941558442,1153.017003246753,883.9007855339104
M,28.0,1.683,50.4,1132.7490941558442,1153.017003246753,876.9469651875901
M,54.0,1.728,77.3,1134.459617965368,1153.9949437229434,1004.2292440476194
M,57.0,1.687,75.7,1134.459617965368,1153.9949437229434,1003.9828730158729
M,35.0,1.673,54.3,1132.7490941558442,1153.017003246753,886.965878968254
M,43.0,1.703,76.3,1134.459617965368,1153.9949437229434,1003.7466309523811
M,50.0,1.73,65.8,1134.080867965368,1153.9949437229434,909.2239662698413
M,17.0,1.668,55.2,1140.3474274891776,1156.315821428571,891.1798869047617
M,62.0,1.62,64.9,1134.080867965368,1153.9949437229434,910.6835178571429
M,66.0,1.656,69.6,1133.9962846320348,1158.5341937229432,970.4698302669552
M,62.0,1.635,74.1,1133.744617965368,1153.9949437229434,1003.3629583333329
M,51.0,1.674,56.9,1134.4796179653679,1153.9949437229434,868.7215773809526
M,37.0,1.773,72.1,1134.339617965368,1153.9949437229434,980.7362196969697
M,19.0,1.72,68.1,1141.1686774891778,1157.4515714285712,946.4675106421357
M,39.0,1.743,75.0,1134.459617965368,1153.9949437229434,1003.473746031746
M,17.0,1.614,51.2,1140.3474274891776,1156.315821428571,885.2172370129866
M,17.0,1.688,62.2,1140.3474274891776,1156.315821428571,909.8440238095241
M,31.0,1.713,73.2,1132.3690941558443,1153.017003246753,1010.9961646825395
M,17.0,1.628,49.2,1140.3474274891776,1156.315821428571,877.6709226190472
M,37.0,1.785,78.7,1134.459617965368,1153.9949437229434,1016.4072123015874
M,62.0,1.613,61.1,1134.4796179653679,1153.9949437229434,896.7088075396827
M,51.0,1.805,100.0,1155.5288759018758,1158.653241341991,1170.0422712842717
M,53.0,1.76,75.1,1134.459617965368,1153.9949437229434,1006.1118055555555
M,50.0,1.654,58.7,1134.4796179653679,1153.9949437229434,873.6146646825397
M,22.0,1.706,63.6,1141.5674274891776,1157.4515714285712,913.4953809523812
M,22.0,1.781,71.2,1141.1874274891777,1157.4515714285712,1012.0809543650793
M,22.0,1.701,77.9,1140.5374274891776,1157.4515714285712,1034.9806403318908
M,22.0,1.78,74.6,1140.8324274891777,1157.4515714285712,1030.9047361111113
M,22.0,1.738,68.2,1141.1686774891778,1157.4515714285712,946.5682606421359
M,19.0,1.648,55.4,1141.5674274891776,1157.4515714285712,875.0297678571428
M,19.0,1.73,68.0,1141.1686774891778,1157.4515714285712,946.5335324675328
M,44.0,1.637,78.1,1134.459617965368,1153.9949437229434,1012.1454642857145
M,16.0,1.644,74.0,1139.6124274891777,1156.315821428571,1027.375396825397
M,23.0,1.689,65.5,1141.1686774891778,1157.4515714285712,921.6576924603172
M,34.0,1.796,77.1,1132.7290941558442,1153.017003246753,1006.961404761905
M,25.0,1.76,69.9,1141.1686774891778,1157.4515714285712,1002.100665223665
M,22.0,1.734,62.5,1141.5674274891776,1157.4515714285712,912.9823194444448
M,22.0,1.75,70.2,1141.0474274891776,1157.4515714285712,999.2256017316015
M,49.0,1.703,55.8,1134.4796179653679,1153.9949437229434,862.8412738095237
M,19.0,1.66,53.0,1141.5674274891776,1157.4515714285712,886.1189989177487
M,22.0,1.803,84.4,1144.7976497113998,1160.0867023809524,1085.187676587302
M,22.0,1.645,70.2,1141.0474274891776,1157.4515714285712,999.2256017316015
M,16.0,1.76,66.1,1139.9486774891777,1156.315821428571,927.6098663419912
M,16.0,1.788,74.8,1139.724094155844,1156.315821428571,1030.7245694444448
M,21.0,1.716,76.1,1140.5374274891776,1157.4515714285712,1032.0148483044734
M,24.0,1.898,83.8,1144.7976497113998,1160.0867023809524,1084.972932539683
M,21.0,1.874,61.6,1141.5674274891776,1157.4515714285712,905.9518293650798
M,16.0,1.818,69.2,1139.9486774891777,1156.315821428571,985.204921356421
M,40.0,1.72,71.6,1134.339617965368,1153.9949437229434,979.4112851731603
M,17.0,1.71,54.1,1140.3474274891776,1156.315821428571,887.706111111111
M,17.0,1.767,73.8,1139.6124274891777,1156.315821428571,1023.3850079365081
M,19.0,1.707,55.7,1141.5674274891776,1157.4515714285712,875.0220634920634
M,23.0,1.75,58.7,1141.5674274891776,1157.4515714285712,885.3622857142861
M,18.0,1.696,76.6,1139.724094155844,1156.315821428571,1031.90901497114
M,34.0,1.659,66.5,1132.3503441558441,1153.017003246753,929.9959814213563
M,18.0,1.772,75.6,1139.724094155844,1156.315821428571,1034.4580268759019
M,18.0,1.779,72.8,1139.9674274891777,1156.315821428571,1017.249863095238
M,28.0,1.733,52.9,1132.7490941558442,1153.017003246753,886.3280275974023
M,38.0,1.681,75.8,1134.459617965368,1153.9949437229434,1004.2367202380955
M,17.0,1.625,63.3,1140.3474274891776,1156.315821428571,915.612643009768
M,22.0,1.701,73.9,1140.8324274891777,1157.4515714285712,1026.007799603175
M,19.0,1.798,88.7,1161.8633163780664,1161.4592579365076,1094.2548333333336
M,39.0,1.644,68.2,1134.080867965368,1153.9949437229434,932.3500238095237
M,16.0,1.729,53.8,1140.3474274891776,1156.315821428571,886.3283730158728
M,25.0,1.788,73.3,1141.1874274891777,1157.4515714285712,1020.228001984127
M,19.0,1.756,84.5,1144.7976497113998,1160.0867023809524,1085.227676587302
M,16.0,1.719,81.3,1141.8996497114,1156.2289880952378,1064.3166850649352
M,25.0,1.75,65.5,1141.1686774891778,1157.4515714285712,921.6576924603172
M,26.0,1.761,66.1,1132.3503441558441,1153.017003246753,922.5919199134197
M,63.0,1.576,58.4,1134.4796179653679,1158.5341937229432,878.7305297619048
M,32.0,1.791,80.4,1135.8266497113998,1153.3939199134197,1042.9460357142855
M,66.0,1.602,81.3,1137.5571735209237,1158.99586038961,1037.0008035714286
M,16.0,1.645,73.1,1139.9674274891777,1156.315821428571,1018.9412936507937
M,17.0,1.765,59.4,1140.3474274891776,1156.315821428571,896.4924484126989
M,17.0,1.676,55.0,1140.3474274891776,1156.315821428571,890.7712896825395
M,17.0,1.723,77.4,1139.724094155844,1156.315821428571,1035.4587335858587
M,16.0,1.717,70.9,1139.9674274891777,1156.315821428571,1001.4593180014429
M,18.0,1.819,76.1,1139.724094155844,1156.315821428571,1032.9204673520924
M,18.0,1.638,88.1,1157.1088163780664,1160.6300357142854,1094.7137559523817
M,19.0,1.636,57.7,1141.5674274891776,1157.4515714285712,883.000880952381
M,17.0,1.717,70.2,1139.8274274891776,1156.315821428571,1003.0001731601728
M,16.0,1.748,53.7,1140.3474274891776,1156.315821428571,886.0730396825394
M,17.0,1.82,75.0,1139.724094155844,1156.315821428571,1032.066890873016
M,17.0,1.837,65.7,1139.9486774891777,1156.315821428571,922.0288650793648
M,17.0,1.728,61.3,1140.3474274891776,1156.315821428571,908.573162698413
M,16.0,1.714,56.6,1140.3474274891776,1156.315821428571,884.5645218253972
M,24.0,1.745,70.7,1141.1874274891777,1157.4515714285712,1002.4320898268398
M,16.0,1.69,53.3,1140.3474274891776,1156.315821428571,887.0437619047616
M,57.0,1.659,62.7,1134.4796179653679,1153.9949437229434,904.85365552503
M,47.0,1.752,78.0,1134.459617965368,1153.9949437229434,998.5093432539687
M,44.0,1.72,82.9,1136.136506854257,1155.1583246753244,1051.0366388888888
M,59.0,1.571,60.5,1134.4796179653679,1153.9949437229434,896.9016527777778
M,66.0,1.598,69.0,1133.9962846320348,1158.5341937229432,949.7934761904759
M,22.0,1.703,70.1,1141.1686774891778,1157.4515714285712,1000.9019628427127
M,59.0,1.664,53.9,1134.4796179653679,1153.9949437229434,867.6215654761895
M,45.0,1.709,58.2,1134.4796179653679,1153.9949437229434,870.966724206349
M,35.0,1.692,62.7,1132.7490941558442,1153.017003246753,906.1740702075705
M,34.0,1.625,56.1,1132.7490941558442,1153.017003246753,865.2400257936508
M,37.0,1.683,57.6,1134.4796179653679,1153.9949437229434,870.8649384920635
M,33.0,1.726,99.5,1151.6937687590187,1160.4183008658006,1140.3145025252531
M,50.0,1.589,57.9,1134.4796179653679,1153.9949437229434,870.7430337301587
M,26.0,1.646,60.9,1132.7490941558442,1153.017003246753,897.2335019841273
M,20.0,1.75,69.1,1141.1686774891778,1157.4515714285712,971.0800602453105
M,19.0,1.75,63.2,1141.5674274891776,1157.4515714285712,913.6365914224667
M,18.0,1.69,58.6,1140.3474274891776,1156.315821428571,890.6660337301593
M,20.0,1.725,83.0,1143.3743163780664,1159.2117023809524,1078.0653908730167
M,19.0,1.786,90.1,1154.5723044733045,1164.008952380952,1094.2058392857148
M,44.0,1.643,68.1,1134.080867965368,1153.9949437229434,930.7424126984126
M,16.0,1.715,61.9,1140.3474274891776,1156.315821428571,907.9606984126989
M,16.0,1.775,62.2,1140.3474274891776,1156.315821428571,909.8440238095241
M,17.0,1.683,63.5,1140.3474274891776,1156.315821428571,912.9009702380955
M,48.0,1.649,71.5,1134.339617965368,1153.9949437229434,979.6435470779222
M,17.0,1.715,58.4,1140.3474274891776,1156.315821428571,890.5830337301592
M,21.0,1.7,56.8,1141.5674274891776,1157.4515714285712,879.2733551587304
M,19.0,1.713,65.5,1141.1686774891778,1157.4515714285712,921.6576924603172
M,20.0,1.7,62.3,1141.5674274891776,1157.4515714285712,909.1853888888894
M,21.0,1.778,100.8,1157.9533163780663,1163.9112857142857,1172.3606760461764
M,45.0,1.56,48.3,1134.4796179653679,1153.9949437229434,846.2158273809521
M,24.0,1.725,73.7,1140.8324274891777,1157.4515714285712,1022.0609126984128
M,35.0,1.723,87.8,1148.1451497113997,1156.6311897546893,1076.2071289682542
M,23.0,1.73,71.1,1141.1874274891777,1157.4515714285712,1007.6580918109665
M,22.0,1.679,62.3,1141.5674274891776,1157.4515714285712,909.1853888888894
M,24.0,1.715,60.3,1141.5674274891776,1157.4515714285712,907.8762440476196
M,24.0,1.73,71.7,1141.1874274891777,1157.4515714285712,1014.1256984126983
M,46.0,1.68,76.1,1134.459617965368,1153.9949437229434,1003.6589642857144
M,20.0,1.693,58.7,1141.5674274891776,1157.4515714285712,885.3622857142861
M,16.0,1.763,87.1,1144.8631497113997,1159.4910357142855,1093.8609206349213
M,37.0,1.711,71.4,1134.339617965368,1153.9949437229434,978.080398809524
M,26.0,1.754,65.7,1132.3503441558441,1153.017003246753,918.9919027777776
M,26.0,1.773,77.2,1132.7290941558442,1153.017003246753,1007.5742380952382
M,19.0,1.694,65.5,1141.1686774891778,1157.4515714285712,921.6576924603172
M,29.0,1.627,74.0,1132.0140941558443,1153.017003246753,1012.5339801587302
M,26.0,1.746,72.0,1132.3690941558443,1153.017003246753,1009.4143035714283
M,21.0,1.806,74.5,1140.8324274891777,1157.4515714285712,1031.1291408730162
M,19.0,1.682,61.3,1141.5674274891776,1157.4515714285712,906.562055555556
M,19.0,1.706,75.2,1140.5374274891776,1157.4515714285712,1034.3238760822512
M,35.0,1.678,72.5,1132.3690941558443,1153.017003246753,1010.7153630952379
M,33.0,1.78,83.7,1136.0393163780664,1154.9279675324674,1061.6181369047624
M,36.0,1.69,75.3,1132.7290941558442,1153.017003246753,1015.3483035714285
M,34.0,1.784,98.5,1151.6937687590187,1160.5883008658006,1106.3663437950943
M,34.0,1.799,82.9,1135.5659830447332,1154.727134199134,1048.1837936507939
M,31.0,1.69,66.4,1132.3503441558441,1153.017003246753,926.7798683261183
M,31.0,1.688,69.5,1132.3503441558441,1153.017003246753,993.0486011904765
M,30.0,1.729,83.8,1135.9793163780664,1155.8029675324674,1061.3229702380956
M,38.0,1.721,72.5,1134.339617965368,1153.9949437229434,979.2490708874459
M,45.0,1.684,77.3,1134.459617965368,1153.9949437229434,1004.2292440476194
M,19.0,1.811,79.3,1141.784983044733,1158.2278214285711,1044.7863120490622
M,19.0,1.675,64.9,1141.1686774891778,1157.4515714285712,916.6468988095238
M,19.0,1.675,60.0,1141.5674274891776,1157.4515714285712,897.915025793651
F,24.0,1.6,46.3,1141.5674274891776,1157.4515714285712,861.3838928571428
F,21.0,1.616,83.0,1143.3743163780664,1159.2117023809524,1078.0653908730167
F,62.0,1.611,60.6,1134.4796179653679,1153.9949437229434,896.4535337301588
F,19.0,1.614,57.6,1141.5674274891776,1157.4515714285712,883.2758809523812
F,19.0,1.56,53.5,1141.5674274891776,1157.4515714285712,885.9613730158728
F,17.0,1.665,57.7,1140.3474274891776,1156.315821428571,890.6615277777781
F,21.0,1.675,68.1,1141.1686774891778,1157.4515714285712,946.4675106421357
F,19.0,1.604,66.3,1141.1686774891778,1157.4515714285712,926.4424397546899
F,19.0,1.573,55.8,1141.5674274891776,1157.4515714285712,876.131728174603
F,19.0,1.54,59.4,1141.5674274891776,1157.4515714285712,892.4287103174605
F,22.0,1.567,55.7,1141.5674274891776,1157.4515714285712,875.0220634920634
F,23.0,1.617,52.9,1141.5674274891776,1157.4515714285712,886.2117489177487
F,19.0,1.566,63.6,1141.5674274891776,1157.4515714285712,913.4953809523812
F,18.0,1.603,59.8,1140.3474274891776,1156.315821428571,899.1171269841274
F,18.0,1.531,43.8,1140.3474274891776,1156.315821428571,857.8686607142861
F,17.0,1.694,68.7,1139.9486774891777,1156.315821428571,966.4725027056277
F,17.0,1.605,49.4,1140.3474274891776,1156.315821428571,881.1166726190473
F,17.0,1.58,49.8,1140.3474274891776,1156.315821428571,884.1781249999999
F,17.0,1.572,53.3,1140.3474274891776,1156.315821428571,887.0437619047616
F,16.0,1.591,57.0,1140.3474274891776,1156.315821428571,889.701420634921
F,16.0,1.61,51.5,1140.3474274891776,1156.315821428571,888.2091616161614
F,16.0,1.568,56.1,1140.3474274891776,1156.315821428571,883.5203253968257
F,16.0,1.649,52.6,1140.3474274891776,1156.315821428571,889.6018798701297
F,17.0,1.6,52.3,1140.3474274891776,1156.315821428571,892.0803560606058
F,17.0,1.55,44.1,1140.3474274891776,1156.315821428571,858.1253273809526
F,17.0,1.556,56.9,1140.3474274891776,1156.315821428571,888.8490873015877
F,16.0,1.6,74.1,1139.6124274891777,1156.315821428571,1028.5654801587305
F,18.0,1.532,50.1,1140.3474274891776,1156.315821428571,884.0311596320346
F,18.0,1.627,53.7,1140.3474274891776,1156.315821428571,886.0730396825394
F,16.0,1.496,40.9,1140.3474274891776,1156.315821428571,857.3363571428573
F,16.0,1.693,64.6,1139.9486774891777,1156.315821428571,918.5410873015873
F,56.0,1.56,65.8,1134.080867965368,1153.9949437229434,909.2239662698413
F,53.0,1.499,61.8,1134.4796179653679,1153.9949437229434,894.2471594516595
F,56.0,1.579,54.1,1134.4796179653679,1153.9949437229434,867.6127499999991
F,52.0,1.573,63.7,1134.4796179653679,1153.9949437229434,910.9478908730158
F,49.0,1.518,48.2,1134.4796179653679,1153.9949437229434,846.8246726190472
F,37.0,1.592,71.8,1134.339617965368,1153.9949437229434,977.1256125541126
F,57.0,1.528,60.7,1134.4796179653679,1153.9949437229434,896.026152777778
F,54.0,1.549,55.8,1134.4796179653679,1153.9949437229434,862.8412738095237
F,32.0,1.576,62.3,1132.7490941558442,1153.017003246753,898.4886594516597
F,69.0,1.416,49.5,1134.4796179653679,1158.5341937229432,843.4675555555554
F,57.0,1.619,54.7,1134.4796179653679,1153.9949437229434,869.147853174602
F,42.0,1.612,68.1,1134.080867965368,1153.9949437229434,930.7424126984126
F,17.0,1.64,59.5,1140.3474274891776,1156.315821428571,896.4924484126989
F,27.0,1.602,59.6,1132.7490941558442,1153.017003246753,883.6621865079364
F,65.0,1.508,58.7,1134.4796179653679,1158.5341937229432,878.338886904762
F,37.0,1.522,52.9,1134.4796179653679,1153.9949437229434,864.9267449494943
F,63.0,1.538,61.6,1134.4796179653679,1158.5341937229432,895.849890873016
F,41.0,1.562,69.5,1134.080867965368,1153.9949437229434,973.2642588383837
F,54.0,1.542,52.9,1134.4796179653679,1153.9949437229434,864.9267449494943
F,62.0,1.394,59.2,1134.4796179653679,1153.9949437229434,878.5190555555557
F,18.0,1.609,63.9,1140.3474274891776,1156.315821428571,917.2196170634924
F,21.0,1.647,53.3,1141.5674274891776,1157.4515714285712,885.875595238095
F,63.0,1.516,61.1,1134.4796179653679,1158.5341937229432,897.8256111111109
F,28.0,1.618,55.5,1132.7490941558442,1153.017003246753,867.6165535714285
F,58.0,1.48,57.2,1134.4796179653679,1153.9949437229434,869.3512162698414
F,44.0,1.497,53.1,1134.4796179653679,1153.9949437229434,864.8741259018751
F,40.0,1.509,66.9,1134.080867965368,1153.9949437229434,926.495922619048
F,47.0,1.635,57.2,1134.4796179653679,1153.9949437229434,869.3512162698414
F,52.0,1.505,50.1,1134.4796179653679,1153.9949437229434,843.209308441558
F,44.0,1.535,66.1,1134.080867965368,1153.9949437229434,909.4022876984128
F,67.0,1.567,62.3,1134.4796179653679,1158.5341937229432,896.6288023088022
F,64.0,1.581,60.5,1134.4796179653679,1158.5341937229432,898.2017896825396
F,18.0,1.655,51.1,1140.3474274891776,1156.315821428571,885.1791536796533
F,67.0,1.492,50.9,1134.4796179653679,1158.5341937229432,852.3092139249635
F,47.0,1.562,60.4,1134.4796179653679,1153.9949437229434,894.1355396825397
F,40.0,1.566,58.6,1134.4796179653679,1153.9949437229434,874.3166646825398
F,63.0,1.463,54.5,1134.4796179653679,1158.5341937229432,869.0187103174593
F,37.0,1.569,57.9,1134.4796179653679,1153.9949437229434,870.7430337301587
F,19.0,1.635,52.5,1141.5674274891776,1157.4515714285712,889.9229036796537
F,18.0,1.505,46.7,1140.3474274891776,1156.315821428571,867.5499642857143
F,48.0,1.516,59.6,1134.4796179653679,1153.9949437229434,877.3969722222223
F,21.0,1.6,56.5,1141.5674274891776,1157.4515714285712,874.7672420634922
F,68.0,1.567,62.2,1134.4796179653679,1158.5341937229432,896.3333261183259
F,18.0,1.638,46.3,1140.3474274891776,1156.315821428571,866.4862976190475
F,34.0,1.591,60.9,1132.7490941558442,1153.017003246753,897.2335019841273
F,34.0,1.552,50.4,1132.7490941558442,1153.017003246753,876.9469651875901
F,33.0,1.537,41.7,1132.7490941558442,1153.017003246753,850.8724365079368
F,45.0,1.531,48.9,1134.4796179653679,1153.9949437229434,844.1635773809519
F,47.0,1.585,65.7,1134.080867965368,1153.9949437229434,911.9679940476192
F,58.0,1.525,64.8,1134.080867965368,1153.9949437229434,910.0271726190477
F,66.0,1.517,48.8,1134.4796179653679,1158.5341937229432,843.5629186507931
F,38.0,1.58,87.7,1149.434006854257,1156.257213564213,1077.9071111111114
F,39.0,1.635,52.8,1134.4796179653679,1153.9949437229434,865.2973997113991
F,23.0,1.625,55.1,1141.5674274891776,1157.4515714285712,889.1650753968253
F,21.0,1.63,51.2,1141.5674274891776,1157.4515714285712,881.9352786796534
F,54.0,1.669,59.4,1134.4796179653679,1153.9949437229434,877.6815555555556
F,59.0,1.521,66.0,1134.080867965368,1153.9949437229434,909.0037876984128
F,18.0,1.617,61.1,1140.3474274891776,1156.315821428571,905.4603840187593
F,18.0,1.659,50.3,1140.3474274891776,1156.315821428571,884.7330762987012
F,53.0,1.541,57.0,1134.4796179653679,1153.9949437229434,869.2499107142858
F,58.0,1.568,63.9,1134.4796179653679,1153.9949437229434,907.8648373015874
F,24.0,1.581,66.8,1141.1686774891778,1157.4515714285712,942.936783730159
F,18.0,1.63,51.5,1140.3474274891776,1156.315821428571,888.2091616161614
F,19.0,1.65,51.8,1141.5674274891776,1157.4515714285712,883.5634175685425
F,19.0,1.594,68.8,1141.1686774891778,1157.4515714285712,963.5219312770565
F,21.0,1.506,45.4,1141.5674274891776,1157.4515714285712,854.5403273809528
F,22.0,1.547,53.9,1141.5674274891776,1157.4515714285712,886.2225277777777
F,23.0,1.665,57.6,1141.5674274891776,1157.4515714285712,883.2758809523812
F,51.0,1.49,47.0,1134.4796179653679,1153.9949437229434,847.2368333333334
F,21.0,1.589,47.6,1141.5674274891776,1157.4515714285712,867.2796666666666
F,19.0,1.566,49.1,1141.5674274891776,1157.4515714285712,872.1473035714284
F,33.0,1.652,63.6,1132.7490941558442,1153.017003246753,909.334896825397
F,16.0,1.571,37.2,1140.3474274891776,1156.315821428571,857.2950238095241
F,56.0,1.63,65.2,1134.080867965368,1153.9949437229434,914.2702301587301
F,16.0,1.636,54.8,1140.3474274891776,1156.315821428571,890.2532896825395
F,19.0,1.59,66.8,1141.1686774891778,1157.4515714285712,942.936783730159
F,25.0,1.624,52.7,1141.5674274891776,1157.4515714285712,888.3385465367962
F,34.0,1.61,53.2,1132.7490941558442,1153.017003246753,884.7511834415583
F,37.0,1.575,55.6,1134.4796179653679,1153.9949437229434,863.2310099206347
F,16.0,1.528,58.0,1140.3474274891776,1156.315821428571,890.7082539682543
F,16.0,1.539,57.5,1140.3474274891776,1156.315821428571,890.8041468253972
F,16.0,1.666,49.5,1140.3474274891776,1156.315821428571,881.1166726190473
F,16.0,1.621,62.0,1140.3474274891776,1156.315821428571,907.1023928571432
F,16.0,1.598,49.1,1140.3474274891776,1156.315821428571,876.3610654761902
F,16.0,1.624,55.5,1140.3474274891776,1156.315821428571,882.3369880952383
F,39.0,1.623,54.9,1134.4796179653679,1153.9949437229434,872.8829186507928
F,16.0,1.555,56.5,1140.3474274891776,1156.315821428571,883.6430337301589
F,34.0,1.594,62.4,1132.7490941558442,1153.017003246753,900.4308380230883
F,39.0,1.588,53.1,1134.4796179653679,1153.9949437229434,864.8741259018751
F,34.0,1.612,54.2,1132.7490941558442,1153.017003246753,887.1583789682539
F,31.0,1.7,71.3,1132.3690941558443,1153.017003246753,1006.5187976190477
F,27.0,1.613,47.3,1132.7490941558442,1153.017003246753,863.3940436507937
F,39.0,1.673,71.7,1134.339617965368,1153.9949437229434,979.1014042207793
F,34.0,1.646,79.1,1133.0779830447332,1154.1832532467529,1026.1073690476187
F,39.0,1.557,49.7,1134.4796179653679,1153.9949437229434,843.3664404761902
F,30.0,1.565,66.5,1132.3503441558441,1153.017003246753,929.9959814213563
F,17.0,1.579,53.8,1140.3474274891776,1156.315821428571,886.3283730158728
F,38.0,1.606,54.7,1134.4796179653679,1153.9949437229434,869.147853174602
F,40.0,1.515,52.9,1134.4796179653679,1153.9949437229434,864.9267449494943
F,17.0,1.632,62.2,1140.3474274891776,1156.315821428571,909.8440238095241
F,26.0,1.604,59.7,1132.7490941558442,1153.017003246753,883.9211865079365
F,17.0,1.618,51.6,1140.3474274891776,1156.315821428571,887.7891616161614
F,25.0,1.642,58.3,1141.5674274891776,1157.4515714285712,884.5788214285718
F,40.0,1.646,59.5,1134.4796179653679,1153.9949437229434,877.7165555555557
F,35.0,1.594,51.4,1132.7490941558442,1153.017003246753,882.0077736291485
F,17.0,1.57,60.0,1140.3474274891776,1156.315821428571,902.278531746032
F,30.0,1.554,42.1,1132.7490941558442,1153.017003246753,851.258061507937
F,27.0,1.564,49.7,1132.7490941558442,1153.017003246753,874.0750734126982
F,25.0,1.568,41.4,1141.5674274891776,1157.4515714285712,853.626773809524
F,37.0,1.477,61.1,1134.4796179653679,1153.9949437229434,896.7088075396827
F,39.0,1.57,51.3,1134.4796179653679,1153.9949437229434,848.9364116161613
F,25.0,1.699,57.5,1141.5674274891776,1157.4515714285712,882.4952559523813
F,22.0,1.696,61.8,1141.5674274891776,1157.4515714285712,905.9218174603179
F,21.0,1.574,61.2,1141.5674274891776,1157.4515714285712,907.0728472222227
F,26.0,1.57,61.6,1132.7490941558442,1153.017003246753,896.4254920634925
F,29.0,1.582,48.3,1132.7490941558442,1153.017003246753,868.722109126984
F,29.0,1.567,48.9,1132.7490941558442,1153.017003246753,868.3508710317459
F,26.0,1.585,57.3,1132.7490941558442,1153.017003246753,872.9342043650795
F,26.0,1.62,56.2,1132.7490941558442,1153.017003246753,865.0081507936509
F,31.0,1.545,45.7,1132.7490941558442,1153.017003246753,853.0387400793654
F,32.0,1.555,65.5,1132.3503441558441,1153.017003246753,920.8376884920633
F,60.0,1.58,74.0,1133.744617965368,1153.9949437229434,997.8182123015872
F,25.0,1.612,49.8,1141.5674274891776,1157.4515714285712,880.7725178571428
F,31.0,1.57,51.5,1132.7490941558442,1153.017003246753,885.7038569624821
F,61.0,1.534,74.5,1133.744617965368,1153.9949437229434,1001.2804940476187
F,53.0,1.58,60.5,1134.4796179653679,1153.9949437229434,896.9016527777778
F,49.0,1.666,65.1,1134.080867965368,1153.9949437229434,914.601521825397
F,19.0,1.558,57.5,1141.5674274891776,1157.4515714285712,882.4952559523813
F,63.0,1.558,56.8,1134.4796179653679,1158.5341937229432,870.6378670634922
F,51.0,1.519,57.3,1134.4796179653679,1153.9949437229434,869.3512162698414
F,47.0,1.477,70.1,1134.080867965368,1153.9949437229434,970.9616596320345
F,61.0,1.554,58.5,1134.4796179653679,1153.9949437229434,874.3166646825398
F,51.0,1.506,54.1,1134.4796179653679,1153.9949437229434,867.6127499999991
F,52.0,1.56,62.1,1134.4796179653679,1153.9949437229434,893.8152606421355
F,55.0,1.458,52.9,1134.4796179653679,1153.9949437229434,864.9267449494943
F,64.0,1.497,62.1,1134.4796179653679,1158.5341937229432,895.0730364357863
F,23.0,1.598,55.2,1141.5674274891776,1157.4515714285712,889.7339226190473
F,45.0,1.575,65.1,1134.080867965368,1153.9949437229434,914.601521825397
F,34.0,1.535,59.8,1132.7490941558442,1153.017003246753,883.6436865079365
F,16.0,1.685,62.7,1140.3474274891776,1156.315821428571,914.3168115079367
F,54.0,1.554,54.6,1134.4796179653679,1153.9949437229434,868.5431448412688
F,44.0,1.552,56.4,1134.4796179653679,1153.9949437229434,861.4595178571429
F,49.0,1.66,74.4,1133.744617965368,1153.9949437229434,1002.3837678571426
F,21.0,1.642,55.9,1141.5674274891776,1157.4515714285712,874.4047003968253
F,33.0,1.612,62.2,1132.7490941558442,1153.017003246753,898.2398499278504
F,30.0,1.529,67.6,1132.3503441558441,1153.017003246753,942.3313452380954
F,35.0,1.56,51.5,1132.7490941558442,1153.017003246753,885.7038569624821
F,34.0,1.582,58.4,1132.7490941558442,1153.017003246753,878.6182599206351
F,21.0,1.574,52.3,1141.5674274891776,1157.4515714285712,891.1391060606059
F,19.0,1.488,50.9,1141.5674274891776,1157.4515714285712,882.0515968614716
F,21.0,1.606,59.2,1141.5674274891776,1157.4515714285712,893.8870317460319
F,37.0,1.659,64.3,1134.080867965368,1153.9949437229434,904.4319206349209
F,37.0,1.567,63.6,1134.4796179653679,1153.9949437229434,909.7782837301586
F,19.0,1.586,58.2,1141.5674274891776,1157.4515714285712,883.2683214285717
F,30.0,1.572,47.1,1132.7490941558442,1153.017003246753,859.4224365079365
F,18.0,1.546,51.6,1140.3474274891776,1156.315821428571,887.7891616161614
F,28.0,1.626,58.1,1132.7490941558442,1153.017003246753,875.1682182539682
F,16.0,1.543,65.5,1139.9486774891777,1156.315821428571,926.1678412698409
F,21.0,1.63,54.6,1141.5674274891776,1157.4515714285712,888.5261587301585
F,20.0,1.606,69.6,1141.1686774891778,1157.4515714285712,1001.0217604617603
F,16.0,1.613,56.9,1140.3474274891776,1156.315821428571,888.8490873015877
F,20.0,1.579,53.3,1141.5674274891776,1157.4515714285712,885.875595238095
F,21.0,1.67,53.7,1141.5674274891776,1157.4515714285712,885.3544563492063
F,18.0,1.63,66.4,1139.9486774891777,1156.315821428571,931.298001262626
F,16.0,1.582,52.2,1140.3474274891776,1156.315821428571,891.7878560606058
F,16.0,1.592,54.2,1140.3474274891776,1156.315821428571,887.706111111111
F,17.0,1.602,83.2,1142.1123163780665,1157.6597023809522,1084.8381417748924
F,27.0,1.676,71.1,1132.3690941558443,1153.017003246753,999.606619047619
F,18.0,1.62,55.0,1140.3474274891776,1156.315821428571,890.7712896825395
F,19.0,1.63,56.3,1141.5674274891776,1157.4515714285712,873.8250158730161
F,17.0,1.563,50.7,1140.3474274891776,1156.315821428571,885.4092635281381
F,17.0,1.494,52.6,1140.3474274891776,1156.315821428571,889.6018798701297
F,19.0,1.528,51.9,1141.5674274891776,1157.4515714285712,882.3920009018757
F,18.0,1.548,45.9,1140.3474274891776,1156.315821428571,862.2887380952384
F,17.0,1.615,60.5,1140.3474274891776,1156.315821428571,908.5948423520924
F,17.0,1.539,44.3,1140.3474274891776,1156.315821428571,857.988660714286
F,17.0,1.584,59.0,1140.3474274891776,1156.315821428571,895.3572936507942
F,17.0,1.656,50.6,1140.3474274891776,1156.315821428571,886.2635968614716
F,20.0,1.644,56.3,1141.5674274891776,1157.4515714285712,873.8250158730161
F,38.0,1.554,47.9,1134.4796179653679,1153.9949437229434,846.6598809523806
F,41.0,1.494,49.8,1134.4796179653679,1153.9949437229434,842.828595238095
F,55.0,1.537,55.6,1134.4796179653679,1153.9949437229434,863.2310099206347
F,39.0,1.53,72.7,1134.339617965368,1153.9949437229434,979.3777137445887
F,60.0,1.547,66.6,1134.080867965368,1153.9949437229434,919.6567043650793
F,16.0,1.603,64.5,1139.9486774891777,1156.315821428571,918.7785277777778
F,16.0,1.616,60.3,1140.3474274891776,1156.315821428571,910.6564781746033
F,18.0,1.505,54.8,1140.3474274891776,1156.315821428571,890.2532896825395
F,16.0,1.619,53.1,1140.3474274891776,1156.315821428571,886.1481774891772
F,16.0,1.576,63.8,1140.3474274891776,1156.315821428571,916.7431289682543
F,16.0,1.554,47.1,1140.3474274891776,1156.315821428571,867.8164642857143
F,17.0,1.55,52.3,1140.3474274891776,1156.315821428571,892.0803560606058
F,17.0,1.526,53.5,1140.3474274891776,1156.315821428571,886.7295396825394
F,17.0,1.629,58.9,1140.3474274891776,1156.315821428571,894.4111269841275
F,56.0,1.537,56.3,1134.4796179653679,1153.9949437229434,860.6148035714286
F,16.0,1.583,52.3,1140.3474274891776,1156.315821428571,892.0803560606058
F,18.0,1.645,74.3,1139.6124274891777,1156.315821428571,1028.7789980158732
F,17.0,1.617,66.4,1139.9486774891777,1156.315821428571,931.298001262626
F,53.0,1.553,67.0,1134.080867965368,1153.9949437229434,929.5486865079368
F,56.0,1.572,46.9,1134.4796179653679,1153.9949437229434,847.2368333333334
F,19.0,1.508,52.0,1141.5674274891776,1157.4515714285712,882.2723759018756
F,64.0,1.534,63.1,1134.4796179653679,1158.5341937229432,903.7144392135638
F,59.0,1.578,61.6,1134.4796179653679,1153.9949437229434,894.5251984126984
F,33.0,1.48,47.3,1132.7490941558442,1153.017003246753,863.3940436507937
F,58.0,1.529,60.2,1134.4796179653679,1153.9949437229434,875.2175436507938
F,65.0,1.593,56.2,1134.4796179653679,1158.5341937229432,862.8554623015873
F,66.0,1.515,46.4,1134.4796179653679,1158.5341937229432,844.1410436507934
F,59.0,1.451,59.1,1134.4796179653679,1153.9949437229434,877.8484305555556
F,56.0,1.529,60.2,1134.4796179653679,1153.9949437229434,875.2175436507938
F,57.0,1.52,55.9,1134.4796179653679,1153.9949437229434,861.4359642857142
F,43.0,1.605,55.8,1134.4796179653679,1153.9949437229434,862.8412738095237
F,19.0,1.598,48.3,1141.5674274891776,1157.4515714285712,872.7250416666665
F,21.0,1.569,57.5,1141.5674274891776,1157.4515714285712,882.4952559523813
F,36.0,1.576,51.1,1132.7490941558442,1153.017003246753,878.728221139971
F,49.0,1.518,66.2,1134.080867965368,1153.9949437229434,909.1405615079365
F,34.0,1.522,54.4,1132.7490941558442,1153.017003246753,887.2224265873015
F,19.0,1.594,48.6,1141.5674274891776,1157.4515714285712,872.3636369047616
F,22.0,1.63,52.3,1141.5674274891776,1157.4515714285712,891.1391060606059
F,49.0,1.552,49.2,1134.4796179653679,1153.9949437229434,844.2056726190473
F,18.0,1.514,55.8,1140.3474274891776,1156.315821428571,885.1869007936508
F,52.0,1.518,57.5,1134.4796179653679,1153.9949437229434,870.0784980158732
F,18.0,1.577,53.1,1140.3474274891776,1156.315821428571,886.1481774891772
F,52.0,1.59,58.5,1134.4796179653679,1153.9949437229434,874.3166646825398
F,42.0,1.568,52.7,1134.4796179653679,1153.9949437229434,865.452399711399
F,16.0,1.678,58.4,1140.3474274891776,1156.315821428571,890.5830337301592
F,17.0,1.412,44.9,1140.3474274891776,1156.315821428571,858.7173273809527
F,38.0,1.596,68.3,1134.080867965368,1153.9949437229434,932.636357142857
F,35.0,1.624,60.1,1132.7490941558442,1153.017003246753,881.2759821428573
F,48.0,1.55,49.5,1134.4796179653679,1153.9949437229434,843.9489523809523
F,40.0,1.505,48.6,1134.4796179653679,1153.9949437229434,844.1734107142853
F,19.0,1.6,55.2,1141.5674274891776,1157.4515714285712,889.7339226190473
F,32.0,1.577,45.1,1132.7490941558442,1153.017003246753,852.0495734126988
F,40.0,1.553,47.6,1134.4796179653679,1153.9949437229434,846.8282738095238
F,38.0,1.568,50.4,1134.4796179653679,1153.9949437229434,844.3591695526692
F,21.0,1.58,56.7,1141.5674274891776,1157.4515714285712,878.0277301587306
F,23.0,1.582,64.9,1141.1686774891778,1157.4515714285712,916.6468988095238
F,38.0,1.616,52.8,1134.4796179653679,1153.9949437229434,865.2973997113991
F,24.0,1.62,47.1,1141.5674274891776,1157.4515714285712,862.7140595238094
F,37.0,1.542,52.4,1134.4796179653679,1153.9949437229434,865.2061378066372
F,39.0,1.634,66.8,1134.080867965368,1153.9949437229434,926.7259226190479
F,36.0,1.67,59.7,1132.7490941558442,1153.017003246753,883.9211865079365
F,38.0,1.776,68.2,1134.080867965368,1153.9949437229434,932.3500238095237
F,36.0,1.573,43.5,1132.7490941558442,1153.017003246753,850.8747400793654
F,34.0,1.606,51.5,1132.7490941558442,1153.017003246753,885.7038569624821
F,18.0,1.702,59.9,1140.3474274891776,1156.315821428571,900.8417579365083
F,30.0,1.608,59.4,1132.7490941558442,1153.017003246753,883.9276031746032
F,29.0,1.641,54.0,1132.7490941558442,1153.017003246753,886.853378968254
F,30.0,1.642,48.2,1132.7490941558442,1153.017003246753,868.9837757936507
F,27.0,1.621,54.6,1132.7490941558442,1153.017003246753,888.6970099206347
F,26.0,1.567,56.5,1132.7490941558442,1153.017003246753,867.7737222222223
F,33.0,1.618,54.0,1132.7490941558442,1153.017003246753,886.853378968254
F,25.0,1.549,56.4,1141.5674274891776,1157.4515714285712,873.719896825397
F,28.0,1.623,58.5,1132.7490941558442,1153.017003246753,878.9588253968255
F,34.0,1.566,55.4,1132.7490941558442,1153.017003246753,868.8936964285713
F,44.0,1.508,50.1,1134.4796179653679,1153.9949437229434,843.209308441558
